table_name,index_name,is_unique,column_name,ordinal_position,sort_order,index_type
"SFDEPTARCCON","SFDEPTARCCON","true","CODIGOARCHIVODEFINICION","1","A","3"
"SFDEPTARCCON","SFDEPFKARCCONARCDEF","false","CODIGOARCHIVODEFINICION","1","A","3"
"SFDEPTARCDEF","SFDEPTARCDEF","true","CODIGOARCHIVODEFINICION","1","A","3"
"SFDEPTARCDEF","SFDEPFKARCDEFCIELOC","false","CODIGOCIERRELOCAL","1","A","3"
"SFDEPTARQDEP","SFDEPTARQDEP","true","CODIGOARQUEODEPOSITO","1","A","3"
"SFDEPTARQDEP","SCTMBTFKARQDEPPKCATALOGOVALOR","false","CODIGOCATALOGOVALORESTADOARQUEO","1","A","3"
"SFDEPTARQDEP","SCTMBTFKARQDEPPKCATALOGOVALOR","false","CODIGOCATALOGOTIPOESTADOARQUEO","2","A","3"
"SFDEPTARQDEP","SFDEPFKARQDEPCATVALTIP","false","CODIGOCATALOGOVALORARQUEO","1","A","3"
"SFDEPTARQDEP","SFDEPFKARQDEPCATVALTIP","false","CODIGOCATALOGOTIPOARQUEO","2","A","3"
"SFDEPTARQDEP","SFDEPFKARQDEPCATVALTIPMON","false","CODIGOCATALOGOVALORMONEDA","1","A","3"
"SFDEPTARQDEP","SFDEPFKARQDEPCATVALTIPMON","false","CODIGOCATALOGOTIPOMONEDA","2","A","3"
"SFDEPTARQDEPACTA","SFDEPTARQDEPACTA","true","CODIGOARQUEODEPOSITOACTA","1","A","3"
"SFDEPTARQDEPACTA","SFDEPFKARQDEPACTAARQDEP","false","CODIGOARQUEODEPOSITO","1","A","3"
"SFDEPTARQDEPBIT","SFDEPTARQDEPBIT","true","CODIGOARQUEODEPOSITOBITACORA","1","A","3"
"SFDEPTARQDEPBIT","SFDEPFKARQDEPBITARQDEP","false","CODIGOARQUEODEPOSITO","1","A","3"
"SFDEPTARQDEPDET","SFDEPTARQDEPDET","true","CODIGOARQUEODEPOSITODETALLE","1","A","3"
"SFDEPTARQDEPDET","SFDEPFKARQDEPDETARQDEP","false","CODIGOARQUEODEPOSITO","1","A","3"
"SFDEPTARQDEPDET","SFDEPFKARQDEPDETCATVALMON","false","CODIGOCATALOGOVALORMONEDA","1","A","3"
"SFDEPTARQDEPDET","SFDEPFKARQDEPDETCATVALMON","false","CODIGOCATALOGOTIPOMONEDA","2","A","3"
"SFDEPTARQDEPDET","SFDEPFKARQDEPDETCATVALTIPPAQ","false","CODIGOCATALOGOVALORPAQUETEARQUEODET","1","A","3"
"SFDEPTARQDEPDET","SFDEPFKARQDEPDETCATVALTIPPAQ","false","CODIGOCATALOGOTIPOPAQUETEARQUEODET","2","A","3"
"SFDEPTARQDEPFON","SFDEPTARQDEPFON","true","CODIGOARQUEODEPOSITOFONDO","1","A","3"
"SFDEPTARQDEPFON","SFDEPFKARQDEPFONARQDEP","false","CODIGOARQUEODEPOSITO","1","A","3"
"SFDEPTARQDEPFON","SFDEPFKARQDEPFONCATVALPAQ","false","CODIGOCATALOGOVALORPFONDO","1","A","3"
"SFDEPTARQDEPFON","SFDEPFKARQDEPFONCATVALPAQ","false","CODIGOCATALOGOTIPOFONDO","2","A","3"
"SFDEPTCATVAL","SFDEPTCATVAL","true","CODIGOCATALOGOVALOR","1","A","3"
"SFDEPTCATVAL","SFDEPTCATVAL","true","CODIGOCATALOGOTIPO","2","A","3"
"SFDEPTCATVAL","SFDEPFKCATVALCATTIP","false","CODIGOCATALOGOTIPO","1","A","3"
"SFDEPTCATVAL","SFDEPFKCATVALCATVAL","false","CODIGOCATALOGOVALORPADRE","1","A","3"
"SFDEPTCATVAL","SFDEPFKCATVALCATVAL","false","CODIGOCATALOGOTIPOPADRE","2","A","3"
"SFDEPTCATVAL","SFDEPFKCATVALUSERMOD","false","USUARIOMODIFICACION","1","A","3"
"SFDEPTCATVAL","SFDEPFKCATVALUSERREG","false","USUARIOREGISTRO","1","A","3"
"SFDEPTCATVAL","SFDEPICATVAL","false","ESTADO","1","A","3"
"SFDEPTCATVAL","SFDEPICATVAL","false","CODIGOCATALOGOTIPOPADRE","2","A","3"
"SFDEPTCATVAL","SFDEPICATVAL","false","POSICION","3","A","3"
"SFDEPTCATVAL","SFDEPICATVALESTCODCATNOM","false","ESTADO","1","A","3"
"SFDEPTCATVAL","SFDEPICATVALESTCODCATNOM","false","CODIGOCATALOGOVALORPADRE","2","A","3"
"SFDEPTCATVAL","SFDEPICATVALESTCODCATNOM","false","NOMBRE","3","A","3"
"SFDEPTCATVAL","SFDEPICATVALESTCODCATPOS","false","ESTADO","1","A","3"
"SFDEPTCATVAL","SFDEPICATVALESTCODCATPOS","false","CODIGOCATALOGOTIPO","2","A","3"
"SFDEPTCATVAL","SFDEPICATVALESTCODCATPOS","false","POSICION","3","A","3"
"SFDEPTCIELOC","SFDEPTCIELOC","true","CODIGOCIERRELOCAL","1","A","3"
"SFDEPTCIELOC","SFDEPFKCIELOCCATVALESTCIE","false","CODIGOCATALOGOVALORESTADOCIERRE","1","A","3"
"SFDEPTCIELOC","SFDEPFKCIELOCCATVALESTCIE","false","CODIGOCATALOGOTIPOESTADOCIERRE","2","A","3"
"SFDEPTCIELOC","SFDEPFKCIELOCCATVALTIPMON","false","CODIGOCATALOGOVALORMONEDA","1","A","3"
"SFDEPTCIELOC","SFDEPFKCIELOCCATVALTIPMON","false","CODIGOCATALOGOTIPOMONEDA","2","A","3"
"SFDEPTCIELOC","SFDEPFKCIELOCINTVEN","false","CODIGOINTEGRACIONVENTA","1","A","3"
"SFDEPTCIELOC","SFDEPICIELOC","false","ESTADO","1","A","3"
"SFDEPTCIELOC","SFDEPICIELOC","false","FECHACIERRE","2","A","3"
"SFDEPTCIELOCCAJ","SFDEPTCIELOCCAJ","true","CODIGOCIERRELOCALCAJERO","1","A","3"
"SFDEPTCIELOCCAJ","SFDEPFKCIELOCCAJCATVALESTDES","false","CODIGOCATALOGOVALORESTADODESCUENTO","1","A","3"
"SFDEPTCIELOCCAJ","SFDEPFKCIELOCCAJCATVALESTDES","false","CODIGOCATALOGOTIPOESTADODESCUENTO","2","A","3"
"SFDEPTCIELOCCAJ","SFDEPFKCIELOCCAJCATVALESTREV","false","CODIGOCATALOGOVALORESTADOREVISION","1","A","3"
"SFDEPTCIELOCCAJ","SFDEPFKCIELOCCAJCATVALESTREV","false","CODIGOCATALOGOTIPOESTADOREVISION","2","A","3"
"SFDEPTCIELOCCAJ","SFDEPFKCIELOCCAJCIELOC","false","CODIGOCIERRELOCAL","1","A","3"
"SFDEPTCLOSLOCDOCSUPPORT","SFDEPTCLOSLOCDOCSUPPORT","true","DOCUMENTCODE","1","A","3"
"SFDEPTCLOSLOCDOCSUPPORT","SFDEPFKCLOSLOCDOCSUPPORTCATVAL","false","CODECATALOGVALUEDOCUMENT","1","A","3"
"SFDEPTCLOSLOCDOCSUPPORT","SFDEPFKCLOSLOCDOCSUPPORTCATVAL","false","CODECATALOGTYPEDOCUMENT","2","A","3"
"SFDEPTCLOSLOCDOCUMENT","SFDEPTCLOSLOCDOCUMENT","true","DOCUMENTCODE","1","A","3"
"SFDEPTCLOSLOCDOCUMENT","SFDEPFKCLOSLOCDOCUMENTCIELOC","false","LOCALCLOSINGCODE","1","A","3"
"SFDEPTCLOSLOCDOCUMENT","SFDEPFKCLOSLOCDOCUMENTCIELOCCAJERO","false","CODECLOSETHECAJERO","1","A","3"
"SFDEPTCONLOC","SFDEPTCONLOC","true","CODIGOCONFIGURACIONLOCAL","1","A","3"
"SFDEPTCONLOC","SFDEPFKCONLOCARETRA","false","CODIGOCOMPANIA","1","A","3"
"SFDEPTCONLOC","SFDEPFKCONLOCARETRA","false","CODIGOAREATRABAJO","2","A","3"
"SFDEPTCONLOC","SFDEPFKCONLOCUSERMOD","false","USUARIOMODIFICACION","1","A","3"
"SFDEPTCONLOC","SFDEPFKCONLOCUSERREG","false","USUARIOREGISTRO","1","A","3"
"SFDEPTFORPAG","SFDEPTFORPAG","true","CODIGOFORMAPAGO","1","A","3"
"SFDEPTFORPAG","SFDEPFKFORPAGCATVALFORPAG","false","CODIGOCATALOGOVALORFORMAPAGO","1","A","3"
"SFDEPTFORPAG","SFDEPFKFORPAGCATVALFORPAG","false","CODIGOCATALOGOTIPOFORMAPAGO","2","A","3"
"SFDEPTFORPAG","SFDEPFKFORPAGTRANSACCION","false","CODIGOTRANSACCION","1","A","3"
"SFDEPTFORPAG","SFDEPFKFORPAGUSERMOD","false","USUARIOMODIFICACION","1","A","3"
"SFDEPTFORPAG","SFDEPFKFORPAGUSERREG","false","USUARIOREGISTRO","1","A","3"
"SFDEPTINTVEN","SFDEPTINTVEN","true","CODIGOINTEGRACIONVENTA","1","A","3"
"SFDEPTINTVEN","SFDENPIINVTVEN","false","ESTADO","1","A","3"
"SFDEPTINTVEN","SFDENPIINVTVEN","false","CODIGOAREATRABAJO","2","A","3"
"SFDEPTINTVEN","SFDENPIINVTVEN","false","FECHAVENTA","3","A","3"
"SFDEPTINTVEN","SFDEPFKINTVENARETRA","false","CODIGOCOMPANIA","1","A","3"
"SFDEPTINTVEN","SFDEPFKINTVENARETRA","false","CODIGOAREATRABAJO","2","A","3"
"SFDEPTINTVEN","SFDEPFKINTVENCATVALESTINT","false","CODIGOCATALOGOVALORESTADOINTEGRACION","1","A","3"
"SFDEPTINTVEN","SFDEPFKINTVENCATVALESTINT","false","CODIGOCATALOGOTIPOESTADOINTEGRACION","2","A","3"
"SFDEPTINTVEN","SFDEPFKINTVENCATVALTIPINT","false","CODIGOCATALOGOVALORTIPOINTEGRACION","1","A","3"
"SFDEPTINTVEN","SFDEPFKINTVENCATVALTIPINT","false","CODIGOCATALOGOTIPOTIPOINTEGRACION","2","A","3"
"SFDEPTINTVEN","SFDEPFKINTVENSYSTEM","false","CODIGOSISTEMA","1","A","3"
"SFDEPTINTVEN","SFDEPFKINTVENUSERMOD","false","USUARIOMODIFICACION","1","A","3"
"SFDEPTINTVEN","SFDEPFKINTVENUSERREG","false","USUARIOREGISTRO","1","A","3"
"SFDEPTINTVEN","SFDEPIINTVEN","false","CODIGOCATALOGOVALORTIPOINTEGRACION","1","A","3"
"SFDEPTINTVEN","SFDEPIINTVEN","false","ESTADO","2","A","3"
"SFDEPTINTVEN","SFDEPIINTVEN","false","CODIGOAREATRABAJO","3","A","3"
"SFDEPTINTVEN","SFDEPIINTVEN","false","FECHAVENTA","4","A","3"
"SFDEPTINTVEN","SFDEPIINTVEN01","false","ESTADO","1","A","3"
"SFDEPTINTVEN","SFDEPIINTVEN01","false","FECHAVENTA","2","A","3"
"SFDEPTINTVEN","SFDEPIINTVEN04","false","ESTADO","1","A","3"
"SFDEPTINTVEN","SFDEPIINTVEN04","false","CODIGOINTEGRACIONVENTA","2","A","3"
"SFDEPTINTVEN","SFDEPIINTVEN04","false","FECHAVENTA","3","A","3"
"SFDEPTINTVEN","SFDEPIINTVEN1","false","CODIGOCATALOGOVALORTIPOINTEGRACION","1","A","3"
"SFDEPTINTVEN","SFDEPIINTVEN1","false","ESTADO","2","A","3"
"SFDEPTINTVEN","SFDEPIINTVEN1","false","FECHAVENTA","3","A","3"
"SFDEPTINTVENDET","SFDEPTINTVENDET","true","CODIGOINTEGRACIONVENTADETALLE","1","A","3"
"SFDEPTINTVENDET","SFDEPFKINTVENDETARETRA","false","CODIGOCOMPANIA","1","A","3"
"SFDEPTINTVENDET","SFDEPFKINTVENDETARETRA","false","CODIGOAREATRABAJO","2","A","3"
"SFDEPTINTVENDET","SFDEPFKINTVENDETCATVALFORPAG","false","CODIGOCATALOGOVALORFORMAPAGO","1","A","3"
"SFDEPTINTVENDET","SFDEPFKINTVENDETCATVALFORPAG","false","CODIGOCATALOGOTIPOFORMAPAGO","2","A","3"
"SFDEPTINTVENDET","SFDEPFKINTVENDETCATVALTIPPAG","false","CODIGOCATALOGOVALORTIPOPAGO","1","A","3"
"SFDEPTINTVENDET","SFDEPFKINTVENDETCATVALTIPPAG","false","CODIGOCATALOGOTIPOTIPOPAGO","2","A","3"
"SFDEPTINTVENDET","SFDEPFKINTVENDETINSTAR","false","CODIGOINSTITUCIONTARJETA","1","A","3"
"SFDEPTINTVENDET","SFDEPFKINTVENDETINTVEN","false","CODIGOINTEGRACIONVENTA","1","A","3"
"SFDEPTINTVENDET","SFDEPFKINTVENDETUSERMOD","false","USUARIOMODIFICACION","1","A","3"
"SFDEPTINTVENDET","SFDEPFKINTVENDETUSERREG","false","USUARIOREGISTRO","1","A","3"
"SFDEPTINTVENDET","SFDEPIINTVENDET02","false","ESTADO","1","A","3"
"SFDEPTINTVENDET","SFDEPIINTVENDET02","false","CODIGOINTEGRACIONVENTA","2","A","3"
"SFDEPTOBSERVACION","SFDEPTOBSERVACION","true","CODIGOOBSERVACION","1","A","3"
"SFDEPTOBSERVACION","SFDEPFKOBSCIELOC","false","CODIGOCIERRELOCAL","1","A","3"
"SFDEPTPAPDEP","SFDEPTPAPDEP","true","CODIGOPAPELETADEPOSITO","1","A","3"
"SFDEPTPAPDEP","SFDEPFKPAPDEPCATVAL","false","CODIGOCATALOGOVALORFORMAPAGO","1","A","3"
"SFDEPTPAPDEP","SFDEPFKPAPDEPCATVAL","false","CODIGOCATALOGOTIPOFORMAPAGO","2","A","3"
"SFDEPTPAPDEP","SFDEPFKPAPDEPINTVENDET","false","CODIGOINTEGRACIONVENTADETALLE","1","A","3"
"SFDEPTSERIE","SFDEPTSERIE","true","CODIGOSERIE","1","A","3"
"SFDEPTSERIE","SFDEPFKSERIECATVALTIPNOV","false","CODIGOCATALOGOVALORNOVEDAD","1","A","3"
"SFDEPTSERIE","SFDEPFKSERIECATVALTIPNOV","false","CODIGOCATALOGOTIPONOVEDAD","2","A","3"
"SFDEPTSERIE","SFDEPFKSERIETRADET","false","CODIGOTIPOPAGO","1","A","3"
"SFDEPTSERIE","SFDEPFKSERIEUSERMOD","false","USUARIOMODIFICACION","1","A","3"
"SFDEPTSERIE","SFDEPFKSERIEUSERREG","false","USUARIOREGISTRO","1","A","3"
"SFDEPTTASCAM","SFDEPTTASCAM","true","CODIGOTASACAMBIO","1","A","3"
"SFDEPTTASCAM","SFDEPFKTASCAMCATVALTIPMON","false","CODIGOCATALOGOVALORMONEDA","1","A","3"
"SFDEPTTASCAM","SFDEPFKTASCAMCATVALTIPMON","false","CODIGOCATALOGOTIPOMONEDA","2","A","3"
"SFDEPTTASCAM","SFDEPFKTASCAMTRANSACCION","false","CODIGOTRANSACCION","1","A","3"
"SFDEPTTASCAM","SFDEPFKTASCAMUSERMOD","false","USUARIOMODIFICACION","1","A","3"
"SFDEPTTASCAM","SFDEPFKTASCAMUSERREG","false","USUARIOREGISTRO","1","A","3"
"SFDEPTTIPPAG","SFDEPTTIPPAG","true","CODIGOTIPOPAGO","1","A","3"
"SFDEPTTIPPAG","SFDEPFKTIPPAGCATVALDENOMINACION","false","CODIGOCATALOGOVALORDENOMINACION","1","A","3"
"SFDEPTTIPPAG","SFDEPFKTIPPAGCATVALDENOMINACION","false","CODIGOCATALOGOTIPODENOMINACION","2","A","3"
"SFDEPTTIPPAG","SFDEPFKTIPPAGCATVALTIPPAG","false","CODIGOCATALOGOVALORPAGO","1","A","3"
"SFDEPTTIPPAG","SFDEPFKTIPPAGCATVALTIPPAG","false","CODIGOCATALOGOTIPOPAGO","2","A","3"
"SFDEPTTIPPAG","SFDEPFKTIPPAGFORPAG","false","CODIGOFORMAPAGO","1","A","3"
"SFDEPTTIPPAG","SFDEPITIPPAG001","false","ESTADO","1","A","3"
"SFDEPTTIPPAG","SFDEPITIPPAG001","false","CODIGOFORMAPAGO","2","A","3"
"SFDEPTTIPPAG","SFDEPITIPPAG001","false","CODIGOCATALOGOTIPODENOMINACION","3","A","3"
"SFDEPTTIPPAG","SFDEPITIPPAG003","false","NUMERODEPOSITO","1","A","3"
"SFDEPTTIPPAG","SFDEPITIPPAG003","false","ESTADO","2","A","3"
"SFDEPTTIPPAG","SFDEPITIPPAG003","false","CODIGOFORMAPAGO","3","A","3"
"SFDEPTTIPPAG","SFDEPITIPPAG004","false","ESTADO","1","A","3"
"SFDEPTTIPPAG","SFDEPITIPPAG004","false","CODIGOFORMAPAGO","2","A","3"
"SFDEPTTIPPAG","SFDEPITIPPAG006","false","CUADRA","1","A","3"
"SFDEPTTIPPAG","SFDEPITIPPAG006","false","ESTADO","2","A","3"
"SFDEPTTIPPAG","SFDEPITIPPAG006","false","CODIGOFORMAPAGO","3","A","3"
"SFDEPTTRANSACCION","SFDEPTTRANSACCION","true","CODIGOTRANSACCION","1","A","3"
"SFDEPTTRANSACCION","SFDEPFKTRANSACCIONCATVALTIPTRA","false","CODIGOCATALOGOVALORTRANSACCION","1","A","3"
"SFDEPTTRANSACCION","SFDEPFKTRANSACCIONCATVALTIPTRA","false","CODIGOCATALOGOTIPOTRANSACCION","2","A","3"
"SFDEPTTRANSACCION","SFDEPFKTRANSACCIONCIELOC","false","CODIGOCIERRELOCALCAJERO","1","A","3"
"SFDEPTTRANSACCION","SFDEPITRANSACCION","false","CODIGOCIERRELOCALCAJERO","1","A","3"
"SFGDRTCOMDOC","SFGDRTCOMDOC","true","COMMERCIAL_DOCUMENT_CODE","1","A","3"
"SFGDRTCOMDOC","SFGDRRCOMDOCPKEXP","false","EXPENSE_CODE","1","A","3"
"SFGDRTCOMDOCDET","SFGDRTCOMDOCDET","true","COMDOCDET_CODE","1","A","3"
"SFGDRTCOMDOCDET","SFGDRRCOMDOCDETPKCOMDOC","false","COMMERCIAL_DOCUMENT_CODE","1","A","3"
"SFGDRTCOMDOCDET","SFGDRRCOMDOCDETPKEXPENSE","false","EXPENSE_CODE","1","A","3"
"SFGDRTCOMDOCDET","SFGDRRCOMDOCDETPKITEM","false","ITEM_CODE","1","A","3"
"SFGDRTCOMDOCFIL","SFGDRTCOMDOCFIL","true","COMDOCFIL_CODE","1","A","3"
"SFGDRTCOMDOCFIL","SFGDRRFKCOMDOCFILPKCOMDOC","false","COMMERCIAL_DOCUMENT_CODE","1","A","3"
"SFGDRTCOMDOCFIL","SFGDRRFKCOMDOCFILPKEXP","false","EXPENSE_CODE","1","A","3"
"SFGDRTCOMDOCPER","SFGDRTCOMDOCPER","true","COMDOCPER_CODE","1","A","3"
"SFGDRTCOMDOCPER","SFGDRRCOMDOCPERPKCOMDOC","false","COMMERCIAL_DOCUMENT_CODE","1","A","3"
"SFGDRTCOMDOCPER","SFGDRRCOMDOCPERPKEXPENSE","false","EXPENSE_CODE","1","A","3"
"SFGDRTEXPENSE","SFGDRTEXPENSE","true","EXPENSE_CODE","1","A","3"
"SFGDRTEXPENSE","SFGDRRFKEXPENSEPKARETRA","false","COMPANY_CODE","1","A","3"
"SFGDRTEXPENSE","SFGDRRFKEXPENSEPKARETRA","false","WORKAREA_CODE","2","A","3"
"SFGDRTEXPENSE","SFGDRRFKEXPENSEPKCATVALSTA","false","REQUEST_STATUS","1","A","3"
"SFGDRTEXPENSE","SFGDRRFKEXPENSEPKCATVALSTA","false","REQUEST_STATUS_TYPE","2","A","3"
"SFGDRTEXPFLO","SFGDRTEXPFLO","true","EXPENSE_FLOW_CODE","1","A","3"
"SFGDRTEXPFLO","SFGDRRFKFLOWEXPPKEXP","false","EXPENSE_CODE","1","A","3"
"SFGDRTITEM","SFGDRTITEM","true","ITEM_CODE","1","A","3"
"SFGDRTITEM","SFGDRRFKITEPKCATVAL","false","DESTINATION_CODE","1","A","3"
"SFGDRTITEM","SFGDRRFKITEPKCATVAL","false","DESTINATION_TYPE","2","A","3"
"SFGDRTITEMTAX","SFGDRTITEMTAX","true","TAX_CODE","1","A","3"
"SFGDRTITEMTAX","SFGDRRFKITEMTAX","false","ITEM_CODE","1","A","3"
"SFGDRTROLE","SFGDRTROLE","true","ROLE_CODE","1","A","3"
"SFGDRTUSEARE","SFGDRTUSEARE","true","USER_AREA_CODE","1","A","3"
"SFGDRTUSEARE","SFGDRRFKUSEAREUSER","false","USER_CODE","1","A","3"
"SFGDRTUSER","SFGDRTUSER","true","USER_CODE","1","A","3"
"SFGDRTUSEROL","SFGDRTUSEROL","true","USER_ROLE_CODE","1","A","3"
"SFGDRTUSEROL","SFGDRRFKUSEROLROLE","false","ROLE_CODE","1","A","3"
"SFGDRTUSEROL","SFGDRRFKUSEROLUSER","false","USER_CODE","1","A","3"
"SFGTFTARETRADEPREP","SFGTFTARETRADEPREP","true","CODIGOCOMPANIA","1","A","3"
"SFGTFTARETRADEPREP","SFGTFTARETRADEPREP","true","CODIGOAREATRABAJO","2","A","3"
"SFGTFTARETRADEPREP","FKARETRADEPREPPKARETRA","false","CODIGOCOMPANIA","1","A","3"
"SFGTFTARETRADEPREP","FKARETRADEPREPPKARETRA","false","CODIGOAREATRABAJO","2","A","3"
"SFGTFTARETRADEPREP","FKARETRADEPREPPKCATVAL","false","CODCATVALFORDEP","1","A","3"
"SFGTFTARETRADEPREP","FKARETRADEPREPPKCATVAL","false","CODCATTIPFORDEP","2","A","3"
"SFGTFTARETRADEPREP","FKARETRADEPREPPKUSUCRE","false","USUARIOREGISTRO","1","A","3"
"SFGTFTARETRADEPREP","FKARETRADEPREPPKUSUMOD","false","USUARIOMODIFICACION","1","A","3"
"SFGTFTARETRAFIN","SFGTFTARETRAFIN","true","CODIGOCOMPANIA","1","A","3"
"SFGTFTARETRAFIN","SFGTFTARETRAFIN","true","CODIGOAREATRABAJO","2","A","3"
"SFGTFTARETRAFIN","FKARETRAFINPKARETRA","false","CODIGOCOMPANIA","1","A","3"
"SFGTFTARETRAFIN","FKARETRAFINPKARETRA","false","CODIGOAREATRABAJO","2","A","3"
"SFGTFTARETRAFIN","FKARETRAFINPKCATVAL","false","CODCATVALFORDEP","1","A","3"
"SFGTFTARETRAFIN","FKARETRAFINPKCATVAL","false","CODCATTIPFORDEP","2","A","3"
"SFGTFTARETRAFIN","FKARETRAFINPKUSUCRE","false","USUARIOREGISTRO","1","A","3"
"SFGTFTARETRAFIN","FKARETRAFINPKUSUMOD","false","USUARIOMODIFICACION","1","A","3"
"SFGTFTARETRAFIN","SFGTFTARETRAFINIDX08","false","CODIGOAREATRABAJO","1","A","3"
"SFGTFTARETRAFIN","SFGTFTARETRAFINIDX14","false","REALIZADEPOSITO","1","A","3"
"SFGTFTDEPOSITO","SFGTFTDEPOSITO","true","CODIGOCOMPANIA","1","A","3"
"SFGTFTDEPOSITO","SFGTFTDEPOSITO","true","CODIGODEPOSITO","2","A","3"
"SFGTFTDEPOSITO","FKDEPPKARETRAFIN","false","CODIGOCOMPANIA","1","A","3"
"SFGTFTDEPOSITO","FKDEPPKARETRAFIN","false","CODIGOAREATRABAJO","2","A","3"
"SFGTFTDEPOSITO","FKDEPRELPKDEP","false","CODIGOCOMPANIA","1","A","3"
"SFGTFTDEPOSITO","FKDEPRELPKDEP","false","CODIGODEPOSITORELACIONADO","2","A","3"
"SFGTFTDEPOSITO","SFGTFTDEPOSITOIDX01","false","CODIGOLOCAL","1","A","3"
"SFGTFTDEPOSITO","SFGTFTDEPOSITOIDX01","false","FECHADEPOSITO","2","A","3"
"SFGTFTDEPOSITO","SFGTFTDEPOSITOIDX04","false","CODIGOLOCAL","1","A","3"
"SFGTFTDEPOSITO","SFGTFTDEPOSITOIDX04","false","ESTADO","2","A","3"
"SFGTFTDEPOSITO","SFGTFTDEPOSITOIDX10","false","ESTADO","1","A","3"
"SFGTFTDEPOSITO","SFGTFTDEPOSITOIDX10","false","CODCATVALESTDEP","2","A","3"
"SFGTFTDEPOSITO","SFGTFTDEPOSITOIDX10","false","CODIGOLOCAL","3","A","3"
"SFGTFTDEPOSITO","SFGTFTDEPOSITOIDX10","false","FECHADEPOSITO","4","A","3"
"SFGTFTDETALLEDEPOSITO","SFGTFTDETALLEDEPOSITO","true","CODIGOCOMPANIA","1","A","3"
"SFGTFTDETALLEDEPOSITO","SFGTFTDETALLEDEPOSITO","true","SECUENCIALDETALLE","2","A","3"
"SFGTFTDETALLEDEPOSITO","SFGTFTDETALLEDEPOSITO","true","CODIGODEPOSITO","3","A","3"
"SFGTFTDETALLEDEPOSITO","FKDEPDETPKDEP","false","CODIGOCOMPANIA","1","A","3"
"SFGTFTDETALLEDEPOSITO","FKDEPDETPKDEP","false","CODIGODEPOSITO","2","A","3"
"SFGTFTDETALLEMOVIMIENTO","SFGTFTDETALLEMOVIMIENTO","true","CODIGOCOMPANIA","1","A","3"
"SFGTFTDETALLEMOVIMIENTO","SFGTFTDETALLEMOVIMIENTO","true","SECUENCIALMOVIMIENTO","2","A","3"
"SFGTFTDETALLEMOVIMIENTO","FKDETMOVPKARETRAFIN","false","CODIGOCOMPANIA","1","A","3"
"SFGTFTDETALLEMOVIMIENTO","FKDETMOVPKARETRAFIN","false","CODIGOAREATRABAJO","2","A","3"
"SFGTFTDETALLEMOVIMIENTO","FKDETMOVPKCATVALTIPTRA","false","CODCATVALTRATIP","1","A","3"
"SFGTFTDETALLEMOVIMIENTO","FKDETMOVPKCATVALTIPTRA","false","CODCATTIPTRATIP","2","A","3"
"SFGTFTDETALLEMOVIMIENTO","FKDETMOVPKREPEST","false","CODIGOCOMPANIA","1","A","3"
"SFGTFTDETALLEMOVIMIENTO","FKDETMOVPKREPEST","false","CODIGOREPOSICIONESTADO","2","A","3"
"SFGTFTDETALLEMOVIMIENTO","FKDETMOVPKUSUCRE","false","USUARIOREGISTRO","1","A","3"
"SFGTFTDETALLEMOVIMIENTO","FKDETMOVPKUSUMOD","false","USUARIOMODIFICACION","1","A","3"
"SFGTFTDETALLEREPOSICION","SFGTFTDETALLEREPOSICION","true","CODIGOCOMPANIA","1","A","3"
"SFGTFTDETALLEREPOSICION","SFGTFTDETALLEREPOSICION","true","SECUENCIALDETALLE","2","A","3"
"SFGTFTDETALLEREPOSICION","SFGTFTDETALLEREPOSICION","true","CODIGOREPOSICION","3","A","3"
"SFGTFTDETALLEREPOSICION","FKDETREPPKCATVALTIPDOC","false","CODCATVALDOCTIP","1","A","3"
"SFGTFTDETALLEREPOSICION","FKDETREPPKCATVALTIPDOC","false","CODCATTIPDOCTIP","2","A","3"
"SFGTFTDETALLEREPOSICION","FKDETREPPKCATVALTIPVIA","false","CODCATVALTIPVIA","1","A","3"
"SFGTFTDETALLEREPOSICION","FKDETREPPKCATVALTIPVIA","false","CODCATTIPVIATIP","2","A","3"
"SFGTFTDETALLEREPOSICION","FKDETREPPKCONARETRA","false","CODIGOCOMPANIA","1","A","3"
"SFGTFTDETALLEREPOSICION","FKDETREPPKCONARETRA","false","SECCONARETRA","2","A","3"
"SFGTFTDETALLEREPOSICION","FKDETREPPKDIVGEOPOLCIU","false","CODDIVGEOPOLCIU","1","A","3"
"SFGTFTDETALLEREPOSICION","FKDETREPPKDIVGEOPOLPAI","false","CODDIVGEOPOLPAI","1","A","3"
"SFGTFTDETALLEREPOSICION","FKDETREPPKSOLREP","false","CODIGOCOMPANIA","1","A","3"
"SFGTFTDETALLEREPOSICION","FKDETREPPKSOLREP","false","CODIGOREPOSICION","2","A","3"
"SFGTFTDETALLEREPOSICION","FKDETREPPKUSUCRE","false","USUARIOREGISTRO","1","A","3"
"SFGTFTDETALLEREPOSICION","FKDETREPPKUSUMOD","false","USUARIOMODIFICACION","1","A","3"
"SFGTFTDETALLEREPOSICION","SCFINRFKCATUNIMEDPKDETREP","false","CODVALUNIMED","1","A","3"
"SFGTFTDETALLEREPOSICION","SCFINRFKCATUNIMEDPKDETREP","false","CODTIPUNIMED","2","A","3"
"SFGTFTDETALLEREPOSICION","SFGTFIDETALLEREPOSICIONCODCOMCODCATCODDETNUMFECH","false","CODIGOCOMPANIA","1","A","3"
"SFGTFTDETALLEREPOSICION","SFGTFIDETALLEREPOSICIONCODCOMCODCATCODDETNUMFECH","false","CODCATTIPDOCTIP","2","A","3"
"SFGTFTDETALLEREPOSICION","SFGTFIDETALLEREPOSICIONCODCOMCODCATCODDETNUMFECH","false","ESTADODETALLE","3","A","3"
"SFGTFTDETALLEREPOSICION","SFGTFIDETALLEREPOSICIONCODCOMCODCATCODDETNUMFECH","false","CODCATVALDOCTIP","4","A","3"
"SFGTFTDETALLEREPOSICION","SFGTFIDETALLEREPOSICIONCODCOMCODCATCODDETNUMFECH","false","NUMERORUCFACTURA","5","A","3"
"SFGTFTDETALLEREPOSICION","SFGTFIDETALLEREPOSICIONCODCOMCODCATCODDETNUMFECH","false","NUMERODOCUMENTO","6","A","3"
"SFGTFTDETALLEREPOSICION","SFGTFIDETALLEREPOSICIONCODCOMCODCATCODDETNUMFECH","false","FECHACONCEPTO","7","A","3"
"SFGTFTDETCONRET","SFGTFTDETCONRET","true","CODIGOCOMPANIA","1","A","3"
"SFGTFTDETCONRET","SFGTFTDETCONRET","true","CODIGODETALLECONCEPTORETENCION","2","A","3"
"SFGTFTDETCONRET","SCFDIRFKDETCONRETPKCATVAL","false","CODIGOCATVALIMP","1","A","3"
"SFGTFTDETCONRET","SCFDIRFKDETCONRETPKCATVAL","false","CODIGOCATTIPIMP","2","A","3"
"SFGTFTDETCONRET","SCFDIRFKDETCONRETPKDETREP","false","CODIGOCOMPANIA","1","A","3"
"SFGTFTDETCONRET","SCFDIRFKDETCONRETPKDETREP","false","SECUENCIALDETALLE","2","A","3"
"SFGTFTDETCONRET","SCFDIRFKDETCONRETPKDETREP","false","CODIGOREPOSICION","3","A","3"
"SFGTFTDETCONRET","SCFDIRFKDETCONRETPKUSER1","false","USUARIOREGISTRO","1","A","3"
"SFGTFTDETCONRET","SCFDIRFKDETCONRETPKUSER2","false","USUARIOMODIFICACION","1","A","3"
"SFGTFTDETDEPCON","SFGTFTDETDEPCON","true","CODIGOCOMPANIA","1","A","3"
"SFGTFTDETDEPCON","SFGTFTDETDEPCON","true","SECDETDEPCON","2","A","3"
"SFGTFTDETDEPCON","SFGTFTDETDEPCON","true","CODIGODEPOSITO","3","A","3"
"SFGTFTDETDEPCON","FKDETDEPCONPKDEP","false","CODIGOCOMPANIA","1","A","3"
"SFGTFTDETDEPCON","FKDETDEPCONPKDEP","false","CODIGODEPOSITO","2","A","3"
"SFGTFTPARAMETRO","SFGTFTPARAMETRO","true","CODIGOPARAMETRO","1","A","3"
"SFGTFTREPOSICIONESTADO","SFGTFTREPOSICIONESTADO","true","CODIGOCOMPANIA","1","A","3"
"SFGTFTREPOSICIONESTADO","SFGTFTREPOSICIONESTADO","true","CODIGOREPOSICIONESTADO","2","A","3"
"SFGTFTREPOSICIONESTADO","FKREPESTPKCATVALESTREP","false","CODCATVALESTREP","1","A","3"
"SFGTFTREPOSICIONESTADO","FKREPESTPKCATVALESTREP","false","CODCATTIPESTREP","2","A","3"
"SFGTFTREPOSICIONESTADO","FKREPESTPKSOLREP","false","CODIGOCOMPANIA","1","A","3"
"SFGTFTREPOSICIONESTADO","FKREPESTPKSOLREP","false","CODIGOREPOSICION","2","A","3"
"SFGTFTREPOSICIONESTADO","FKREPESTPKUSUCRE","false","USUARIOREGISTRO","1","A","3"
"SFGTFTREPOSICIONESTADO","FKREPESTPKUSUMOD","false","USUARIOMODIFICACION","1","A","3"
"SFGTFTSOLICITUDDOCUMENTO","SFGTFTSOLICITUDDOCUMENTO","true","CODIGOCOMPANIA","1","A","3"
"SFGTFTSOLICITUDDOCUMENTO","SFGTFTSOLICITUDDOCUMENTO","true","CODIGOREPOSICION","2","A","3"
"SFGTFTSOLICITUDDOCUMENTO","SFGTFTSOLICITUDDOCUMENTO","true","CODIGODOCUMENTO","3","A","3"
"SFGTFTSOLICITUDDOCUMENTO","FKSOLDOCPKDOCUMENTO","false","CODIGOCOMPANIA","1","A","3"
"SFGTFTSOLICITUDDOCUMENTO","FKSOLDOCPKDOCUMENTO","false","CODIGODOCUMENTO","2","A","3"
"SFGTFTSOLICITUDDOCUMENTO","FKSOLDOCPKSOLREP","false","CODIGOCOMPANIA","1","A","3"
"SFGTFTSOLICITUDDOCUMENTO","FKSOLDOCPKSOLREP","false","CODIGOREPOSICION","2","A","3"
"SFGTFTSOLICITUDDOCUMENTO","FKSOLDOCPKUSUCRE","false","USUARIOREGISTRO","1","A","3"
"SFGTFTSOLICITUDDOCUMENTO","FKSOLDOCPKUSUMOD","false","USUARIOMODIFICACION","1","A","3"
"SFGTFTSOLICITUDREPOSICION","SFGTFTSOLICITUDREPOSICION","true","CODIGOCOMPANIA","1","A","3"
"SFGTFTSOLICITUDREPOSICION","SFGTFTSOLICITUDREPOSICION","true","CODIGOREPOSICION","2","A","3"
"SFGTFTSOLICITUDREPOSICION","FKSOLREPPKARETRAFIN","false","CODIGOCOMPANIA","1","A","3"
"SFGTFTSOLICITUDREPOSICION","FKSOLREPPKARETRAFIN","false","CODIGOAREATRABAJO","2","A","3"
"SFGTFTSOLICITUDREPOSICION","FKSOLREPPKCATVALESTSOL","false","CODCATVALESTSOL","1","A","3"
"SFGTFTSOLICITUDREPOSICION","FKSOLREPPKCATVALESTSOL","false","CODCATTIPESTSOL","2","A","3"
"SFGTFTSOLICITUDREPOSICION","FKSOLREPPKPERRESCHE","false","CODIGOPERSONARESPONSABLECHEQUE","1","A","3"
"SFGTFTSOLICITUDREPOSICION","FKSOLREPPKPERSONA","false","CODIGOPERSONARESPONSABLE","1","A","3"
"SFGTFTSOLICITUDREPOSICION","FKSOLREPPKPERSONA1","false","CODIGOPERSONABENEFICIARIO","1","A","3"
"SFGTFTSOLICITUDREPOSICION","FKSOLREPPKTRASIS","false","CODIGOCOMPANIA","1","A","3"
"SFGTFTSOLICITUDREPOSICION","FKSOLREPPKTRASIS","false","CODIGOTRANSACCION","2","A","3"
"SFGTFTSOLICITUDREPOSICION","FKSOLREPPKUSUCRE","false","USUARIOREGISTRO","1","A","3"
"SFGTFTSOLICITUDREPOSICION","FKSOLREPPKUSUMOD","false","USUARIOMODIFICACION","1","A","3"
"SFGTFTSOLICITUDREPOSICION","SFGTFTSOLICITUDREPOSICIONIDX02","false","ESTADOSOLICITUD","1","A","3"
"SFGTFTSOLICITUDREPOSICION","SFGTFTSOLICITUDREPOSICIONIDX02","false","CODIGOAREATRABAJO","2","A","3"
"SFGTFTSOLICITUDREPOSICION","SFGTFTSOLICITUDREPOSICIONIDX02","false","FECHAREGISTRO","3","A","3"
"SFGTFTSOLICITUDREPOSICION","SFGTFTSOLICITUDREPOSICIONIDX05","false","ESTADOSOLICITUD","1","A","3"
"SFGTFTSOLICITUDREPOSICION","SFGTFTSOLICITUDREPOSICIONIDX05","false","CODCATVALESTSOL","2","A","3"
"SFGTFTSOLICITUDREPOSICION","SFGTFTSOLICITUDREPOSICIONIDX05","false","CODIGOAREATRABAJO","3","A","3"
"SFGTFTSOLICITUDREPOSICION","SFGTFTSOLICITUDREPOSICIONIDX05","false","FECHAREGISTRO","4","A","3"
"SFGTFTSOLICITUDREPOSICION","SFGTFTSOLICITUDREPOSICIONIDX06","false","ESTADOSOLICITUD","1","A","3"
"SFGTFTSOLICITUDREPOSICION","SFGTFTSOLICITUDREPOSICIONIDX06","false","CODCATVALESTSOL","2","A","3"
"SFGTFTSOLICITUDREPOSICION","SFGTFTSOLICITUDREPOSICIONIDX06","false","CODIGOAREATRABAJO","3","A","3"
"SFGTFTSOLICITUDREPOSICION","SFGTFTSOLICITUDREPOSICIONIDX09","false","CODIGOCOMPANIA","1","A","3"
"SFGTFTSOLICITUDREPOSICION","SFGTFTSOLICITUDREPOSICIONIDX09","false","ESTADOSOLICITUD","2","A","3"
"SFGTFTSOLICITUDREPOSICION","SFGTFTSOLICITUDREPOSICIONIDX09","false","CODCATVALESTSOL","3","A","3"
"SFGTFTSOLICITUDREPOSICION","SFGTFTSOLICITUDREPOSICIONIDX09","false","CODIGOREPOSICION","4","A","3"
"SFGTFTSOLREPDOC","SFGTFTSOLREPDOC","true","CODIGOCOMPANIA","1","A","3"
"SFGTFTSOLREPDOC","SFGTFTSOLREPDOC","true","SECUENCIALSOLREPDOC","2","A","3"
"SFGTFTSOLREPDOC","SFGTFRFKSOLREPDOCPKCATVAL","false","CODCATVALESTSOL","1","A","3"
"SFGTFTSOLREPDOC","SFGTFRFKSOLREPDOCPKCATVAL","false","CODCATTIPESTSOL","2","A","3"
"SFGTFTSOLREPDOC","SFGTFRFKSOLREPDOCPKDOCUMENTO","false","CODIGOCOMPANIA","1","A","3"
"SFGTFTSOLREPDOC","SFGTFRFKSOLREPDOCPKDOCUMENTO","false","CODIGODOCUMENTO","2","A","3"
"SFGTFTSOLREPDOC","SFGTFRFKSOLREPDOCPKSOLICITUDREPOSICION","false","CODIGOCOMPANIA","1","A","3"
"SFGTFTSOLREPDOC","SFGTFRFKSOLREPDOCPKSOLICITUDREPOSICION","false","CODIGOREPOSICION","2","A","3"
"SFGTFTSOLREPDOC","SFGTFRFKSOLREPDOCPKUSER1","false","USUARIOREGISTRO","1","A","3"
"SFGTFTSOLREPDOC","SFGTFRFKSOLREPDOCPKUSER2","false","USUARIOMODIFICACION","1","A","3"
"SFSBTLOCADM","SFSBTLOCADM","true","COMPANY_CODE","1","A","3"
"SFSBTLOCADM","SFSBTLOCADM","true","LOCAL_ADMINISTRATION_CODE","2","A","3"
"SFSBTLOCADM","SFSBRFKLOCADMARETRA","false","COMPANY_CODE","1","A","3"
"SFSBTLOCADM","SFSBRFKLOCADMARETRA","false","WORK_AREA_CODE","2","A","3"
"SFSBTPARAMETER","SFSBTPARAMETER","true","COMPANY_CODE","1","A","3"
"SFSBTPARAMETER","SFSBTPARAMETER","true","PARAMETER_CODE","2","A","3"
"SFSBTSALINTFORTICSER","SFSBTSALINTFORTICSER","true","COMPANY_CODE","1","A","3"
"SFSBTSALINTFORTICSER","SFSBTSALINTFORTICSER","true","SALES_INTEGRATION_TICKET_CODE","2","A","3"
"SFSBTSALINTFORTICSER","SFSBRFKSALINTFORTICSERARETRA","false","COMPANY_CODE","1","A","3"
"SFSBTSALINTFORTICSER","SFSBRFKSALINTFORTICSERARETRA","false","WORK_AREA_CODE","2","A","3"
"SFSBTSALINTFORTICSERDET","SFSBTSALINTFORTICSERDET","true","COMPANY_CODE","1","A","3"
"SFSBTSALINTFORTICSERDET","SFSBTSALINTFORTICSERDET","true","SALES_INTEGRATION_TICKET_DETAIL_CODE","2","A","3"
"SFSBTSALINTFORTICSERDET","SFSBRFKSALINTFORTICSERDETPKCATVALDEN","false","DENOMINATION_CATALOG_VALUE","1","A","3"
"SFSBTSALINTFORTICSERDET","SFSBRFKSALINTFORTICSERDETPKCATVALDEN","false","DENOMINATION_CATALOG_TYPE","2","A","3"
"SFSBTSALINTFORTICSERDET","SFSBRFKSALINTFORTICSERDETPKSALINT","false","COMPANY_CODE","1","A","3"
"SFSBTSALINTFORTICSERDET","SFSBRFKSALINTFORTICSERDETPKSALINT","false","SALES_INTEGRATION_TICKET_CODE","2","A","3"
"SFSBTTICDECFOR","SFSBTTICDECFOR","true","COMPANY_CODE","1","A","3"
"SFSBTTICDECFOR","SFSBTTICDECFOR","true","TICKET_DECLARATION_CODE","2","A","3"
"SFSBTTICDECFOR","SFSBRFKTICDECFORPKARETRA","false","COMPANY_CODE","1","A","3"
"SFSBTTICDECFOR","SFSBRFKTICDECFORPKARETRA","false","WORK_AREA_CODE","2","A","3"
"SFSBTTICDECFOR","SFSBRFKTICDECFORPKCATVALFOR","false","FORM_CATALOG_VALUE","1","A","3"
"SFSBTTICDECFOR","SFSBRFKTICDECFORPKCATVALFOR","false","FORM_CATALOG_TYPE","2","A","3"
"SFSBTTICDECFOR","SFSBRFKTICDECFORPKCATVALSTA","false","STATUS_CATALOG_VALUE","1","A","3"
"SFSBTTICDECFOR","SFSBRFKTICDECFORPKCATVALSTA","false","STATUS_CATALOG_TYPE","2","A","3"
"SFSBTTICDECFORDET","SFSBTTICDECFORDET","true","COMPANY_CODE","1","A","3"
"SFSBTTICDECFORDET","SFSBTTICDECFORDET","true","TICKET_DECLARATION_DET_CODE","2","A","3"
"SFSBTTICDECFORDET","SFSBRFKTICDECFORDETPKCATVALDEN","false","DENOMINATION_CATALOG_VALUE","1","A","3"
"SFSBTTICDECFORDET","SFSBRFKTICDECFORDETPKCATVALDEN","false","DENOMINATION_CATALOG_TYPE","2","A","3"
"SFSBTTICDECFORDET","SFSBRFKTICDECFORDETPKTICDECFOR","false","COMPANY_CODE","1","A","3"
"SFSBTTICDECFORDET","SFSBRFKTICDECFORDETPKTICDECFOR","false","TICKET_DECLARATION_CODE","2","A","3"
"SFSCTTANULACION","SFSCTTANULACION","true","CODIGOANULACION","1","A","3"
"SFSCTTANULACION","SFSCTRFKANULPKCAR","false","CODIGODOCUMENTO","1","A","3"
"SFSCTTANULACION","SFSCTRFKANULPKUSEM","false","USUARIOMODIFICACION","1","A","3"
"SFSCTTANULACION","SFSCTRFKANULPKUSER","false","USUARIOREGISTRO","1","A","3"
"SFSCTTANUVEN","SFSCTTANUVEN","true","CODIGOANUVEN","1","A","3"
"SFSCTTANUVEN","SFSCTRFKANUVENPKANU","false","CODIGOANULACION","1","A","3"
"SFSCTTANUVEN","SFSCTRFKANUVENPKUSEM","false","USUARIOMODIFICACION","1","A","3"
"SFSCTTANUVEN","SFSCTRFKANUVENPKUSER","false","USUARIOREGISTRO","1","A","3"
"SFSCTTANUVEN","SFSCTRFKANUVENPKVEN","false","CODIGOVENTA","1","A","3"
"SFSCTTBITAJUSTE","SFSCTTBITAJUSTE","true","CODIGOBITAJUSTE","1","A","3"
"SFSCTTBITAJUSTE","SFSCTRFKBITAJUPKAREATRA","false","CODIGOCOMPANIA","1","A","3"
"SFSCTTBITAJUSTE","SFSCTRFKBITAJUPKAREATRA","false","CODIGOLOCAL","2","A","3"
"SFSCTTBITAJUSTE","SFSCTRFKBITAJUPKCODINSTAR","false","CODIGOPROCESADORA","1","A","3"
"SFSCTTBITAJUSTE","SFSCTRFKBITAJUPKEGRESO","false","CODIGOCONEGRESO","1","A","3"
"SFSCTTBITAJUSTE","SFSCTRFKBITAJUSPKPERIODO","false","CODIGOCONPERIODO","1","A","3"
"SFSCTTBITAJUSTE","SFSCTRFKBITAJUSTEPKREC","false","CODIGORECIBO","1","A","3"
"SFSCTTBITAJUSTE","SFSCTRFKRECPKCATVALESTBITAJU","false","ESTADOCONAJUSTEVALOR","1","A","3"
"SFSCTTBITAJUSTE","SFSCTRFKRECPKCATVALESTBITAJU","false","ESTADOCONAJUSTETIPO","2","A","3"
"SFSCTTBITCUO","SFSCTTBITCUO","true","CODIGOBITCUO","1","A","3"
"SFSCTTBITPAG","SFSCTTBITPAG","true","CODIGOBITACORAPAGO","1","A","3"
"SFSCTTBITVEN","SFSCTTBITVEN","true","CODIGOBITACORAVENTA","1","A","3"
"SFSCTTCARGA","SFSCTTCARGA","true","CODIGOCARGA","1","A","3"
"SFSCTTCARGA","SFSCITCARGA001","false","CODIGOCOMPANIA","1","A","3"
"SFSCTTCARGA","SFSCITCARGA001","false","ESTADO","2","A","3"
"SFSCTTCARGA","SFSCITCARGA001","false","USUARIOREGISTRO","3","A","3"
"SFSCTTCARGA","SFSCITCARGA001","false","FECHAREGISTRO","4","A","3"
"SFSCTTCARGA","SFSCITCARGA002","false","CODIGOCOMPANIA","1","A","3"
"SFSCTTCARGA","SFSCITCARGA002","false","ESTADO","2","A","3"
"SFSCTTCARGA","SFSCITCARGA002","false","TIPO","3","A","3"
"SFSCTTCARGA","SFSCITCARGA002","false","FECHAREGISTRO","4","A","3"
"SFSCTTCARGA","SFSCITCARGA01","false","CODIGOCOMPANIA","1","A","3"
"SFSCTTCARGA","SFSCITCARGA01","false","ESTADO","2","A","3"
"SFSCTTCARGA","SFSCITCARGA01","false","CODIGOPROCESADORA","3","A","3"
"SFSCTTCARGA","SFSCITCARGA01","false","TIPO","4","A","3"
"SFSCTTCARGA","SFSCITCARGA01","false","FECHAREGISTRO","5","A","3"
"SFSCTTCARGA","SFSCITCARGA02","false","CODIGOCOMPANIA","1","A","3"
"SFSCTTCARGA","SFSCITCARGA02","false","ESTADO","2","A","3"
"SFSCTTCARGA","SFSCITCARGA02","false","CODIGOPROCESADORA","3","A","3"
"SFSCTTCARGA","SFSCITCARGA02","false","CODIGOCARGA","4","A","3"
"SFSCTTCARGA","SFSCITCARGA03","false","CODIGOCOMPANIA","1","A","3"
"SFSCTTCARGA","SFSCITCARGA03","false","ESTADO","2","A","3"
"SFSCTTCARGA","SFSCITCARGA03","false","CODIGOPROCESADORA","3","A","3"
"SFSCTTCARGA","SFSCITCARGA03","false","USUARIOREGISTRO","4","A","3"
"SFSCTTCARGA","SFSCITCARGA03","false","FECHAREGISTRO","5","A","3"
"SFSCTTCARGA","SFSCITCARGA05","false","TIPO","1","A","3"
"SFSCTTCARGA","SFSCITCARGA05","false","FECHAREGISTRO","2","A","3"
"SFSCTTCARGA","SFSCITCARGA08","false","ESTADOCARGA","1","A","3"
"SFSCTTCARGA","SFSCITCARGA08","false","CODIGOCARGA","2","A","3"
"SFSCTTCARGA","SFSCITCARG05","false","ESTADOCARGA","1","A","3"
"SFSCTTCARGA","SFSCITCARG05","false","CODIGOCARGA","2","A","3"
"SFSCTTCARGA","SFSCTICARGA003","false","CODIGOCOMPANIA","1","A","3"
"SFSCTTCARGA","SFSCTICARGA003","false","ESTADO","2","A","3"
"SFSCTTCARGA","SFSCTICARGA003","false","CODIGOCARGA","3","A","3"
"SFSCTTCARGA","SFSCTTCARGAIDX01","false","FECHAREGISTRO","1","A","3"
"SFSCTTCARGA","SFSCTTCARGAIDX02","false","ESTADOCARGA","1","A","3"
"SFSCTTCONAJUSTE","SFSCTTCONAJUSTE","true","CODIGOCONAJUSTE","1","A","3"
"SFSCTTCONAJUSTE","SFSCTRFKAJUPKEGRESO","false","CODIGOCONEGRESO","1","A","3"
"SFSCTTCONAJUSTE","SFSCTRFKAJUPKPERIODO","false","CODIGOCONPERIODO","1","A","3"
"SFSCTTCONAJUSTE","SFSCTRFKAJUSTEPKREC","false","CODIGORECIBO","1","A","3"
"SFSCTTCONBITPER","SFSCTTCONBITPER","true","CODIGOCONBITPERIODO","1","A","3"
"SFSCTTCONBITPER","SFSCTRFKBITPERPKPERIODO","false","CODIGOCONPERIODO","1","A","3"
"SFSCTTCONCILIATION","SFSCTTCONCILIATION","true","CODE_CONCILIATION","1","A","3"
"SFSCTTCONCRENOT","SFSCTTCONCRENOT","true","HEADER_ID","1","A","3"
"SFSCTTCONCRENOT","SFSCTRFKCONCRENOTPKCATVALCLI","false","CLIENT_CATALOG_CODE","1","A","3"
"SFSCTTCONCRENOT","SFSCTRFKCONCRENOTPKCATVALCLI","false","CLIENT_CATALOG_TYPE","2","A","3"
"SFSCTTCONCRENOT","SFSCTRFKCONCRENOTPKCATVALSTA","false","SISTAR_CONSUMPTION_STATUS","1","A","3"
"SFSCTTCONCRENOT","SFSCTRFKCONCRENOTPKCATVALSTA","false","SISTAR_CONSUMPTION_STATUS_TYPE","2","A","3"
"SFSCTTCONCRENOTLOG","SFSCTTCONCRENOTLOG","true","HEADER_ID","1","A","3"
"SFSCTTCONCRENOTLOG","SFSCTRFKCONCRENOTLOGPKCONCRENOT","false","HEADER_ID","1","A","3"
"SFSCTTCONEGRESO","SFSCTTCONEGRESO","true","CODIGOCONEGRESO","1","A","3"
"SFSCTTCONEGRESO","SFSCTRFKCONEGRESO","false","CODIGOCONPARAM","1","A","3"
"SFSCTTCONEGRESO","SFSCTRFKEGREPKEGRESO","false","CODIGOCONEGRESOPADRE","1","A","3"
"SFSCTTCONEGRESO","SFSCTRFKEGRESOPKREC","false","CODIGORECIBO","1","A","3"
"SFSCTTCONEGRESO","SFSCTRFKEGRPKINGRESO","false","CODIGOCONINGRESO","1","A","3"
"SFSCTTCONEGRESO","SFSCTRFKEGRPKPARAM","false","CODIGOCONPARAM","1","A","3"
"SFSCTTCONEGRESO","SFSCTRFKEGRPKPERIODO","false","CODIGOCONPERIODO","1","A","3"
"SFSCTTCONEGRESODETALLE","SFSCTTCONEGRESODETALLE","true","CODIGOCONEGRESODETALLE","1","A","3"
"SFSCTTCONEGRESODETALLE","SFSCTRFKEGRDETPKAJU","false","CODIGOCONAJUSTE","1","A","3"
"SFSCTTCONEGRESODETALLE","SFSCTRFKEGRDETPKEGRESO","false","CODIGOCONEGRESO","1","A","3"
"SFSCTTCONEGRESODETALLE","SFSCTRFKEGREDETPKPAG","false","CODIGOPAGO","1","A","3"
"SFSCTTCONINGRESO","SFSCTTCONINGRESO","true","CODIGOCONINGRESO","1","A","3"
"SFSCTTCONINGRESO","SFSCTICONINGRESP","false","ESTADO","1","A","3"
"SFSCTTCONINGRESO","SFSCTICONINGRESP","false","ESTADOINGRESO","2","A","3"
"SFSCTTCONINGRESO","SFSCTICONINGRESP","false","CODIGOCONPERIODO","3","A","3"
"SFSCTTCONINGRESO","SFSCTRFKCONINGRESO","false","CODIGOCONPARAM","1","A","3"
"SFSCTTCONINGRESO","SFSCTRFKINGPKCODINSTAR","false","CODIGOPROCESADORA","1","A","3"
"SFSCTTCONINGRESO","SFSCTRFKINGPKPARAM","false","CODIGOCONPARAM","1","A","3"
"SFSCTTCONINGRESO","SFSCTRFKINGPKPERIODO","false","CODIGOCONPERIODO","1","A","3"
"SFSCTTCONINGRESO","SFSCTRFKINGREPKINGRESO","false","CODIGOCONINGRESOPADRE","1","A","3"
"SFSCTTCONINGRESO","SFSCTRFKINGRPKAREATRA","false","CODIGOCOMPANIA","1","A","3"
"SFSCTTCONINGRESO","SFSCTRFKINGRPKAREATRA","false","CODIGOLOCAL","2","A","3"
"SFSCTTCONINGRESODETALLE","SFSCTTCONINGRESODETALLE","true","CODIGOCONINGRESODETALLE","1","A","3"
"SFSCTTCONINGRESODETALLE","SFSCTRFKCONINGRESODETALLE","false","CODIGOCONINGRESO","1","A","3"
"SFSCTTCONINGRESODETALLE","SFSCTRFKINGDETPKINGRESO","false","CODIGOCONINGRESO","1","A","3"
"SFSCTTCONINGRESODETALLE","SFSCTRFKINGDETPKVEN","false","CODIGOVENTA","1","A","3"
"SFSCTTCONPARAM","SFSCTTCONPARAM","true","CODIGOCONPARAM","1","A","3"
"SFSCTTCONPARAM","SFSCTRFKPARPKCODINSTAR","false","CODIGOINSTITUCIONTARJETA","1","A","3"
"SFSCTTCONPERIODO","SFSCTTCONPERIODO","true","CODIGOCONPERIODO","1","A","3"
"SFSCTTCRICON","SFSCTTCRICON","true","CODE_CRICON","1","A","3"
"SFSCTTCRICON","SFSCTRFKCOMOPPKCAT","false","COMPARATOR_OPERATOR_VALUE","1","A","3"
"SFSCTTCRICON","SFSCTRFKCOMOPPKCAT","false","COMPARATOR_OPERATOR_TYPE","2","A","3"
"SFSCTTCRICON","SFSCTRFKCRICONPKCON","false","CODE_CONCILIATION","1","A","3"
"SFSCTTCRICON","SFSCTRFKLOGOPPKCAT","false","LOGIC_OPERATOR_VALUE","1","A","3"
"SFSCTTCRICON","SFSCTRFKLOGOPPKCAT","false","LOGIC_OPERATOR_TYPE","2","A","3"
"SFSCTTCRICON","SFSCTRFKPARCRIPKORIPAR","false","PARAMETER_CRICON","1","A","3"
"SFSCTTCUOPAG","SFSCTTCUOPAG","true","CODIGOCUOPAG","1","A","3"
"SFSCTTCUOPAG","SFSCITCUOPAG01","false","ESTADO","1","A","3"
"SFSCTTCUOPAG","SFSCITCUOPAG01","false","CODIGOCUOTA","2","A","3"
"SFSCTTCUOPAG","SFSCITCUOPAG02","false","CODIGOCUOTA","1","A","3"
"SFSCTTCUOPAG","SFSCITCUOPAG08","false","ESTADO","1","A","3"
"SFSCTTCUOPAG","SFSCITCUOPAG08","false","CODIGOPAGO","2","A","3"
"SFSCTTCUOPAG","SFSCTRFKCUOPAGPKCON","false","CODIGOCONCILIACION","1","A","3"
"SFSCTTCUOPAG","SFSCTRFKCUOPAGPKCUO","false","CODIGOCUOTA","1","A","3"
"SFSCTTCUOPAG","SFSCTRFKCUOPAGPKPAG","false","CODIGOPAGO","1","A","3"
"SFSCTTCUOPAG","SFSCTRFKCUOPAGPKUSEM","false","USUARIOMODIFICACION","1","A","3"
"SFSCTTCUOPAG","SFSCTRFKCUOPAGPKUSER","false","USUARIOREGISTRO","1","A","3"
"SFSCTTCUOPORCOB","SFSCTTCUOPORCOB","true","CODIGOCUOPORCOB","1","A","3"
"SFSCTTCUOPORCOB","SFSCTICUOPORCOB03","false","ESTADO","1","A","3"
"SFSCTTCUOPORCOB","SFSCTILOCPROFEC","false","CODIGOLOCAL","1","A","3"
"SFSCTTCUOPORCOB","SFSCTILOCPROFEC","false","CODIGOPROCESADORA","2","A","3"
"SFSCTTCUOPORCOB","SFSCTILOCPROFEC","false","FECHAVENTA","3","A","3"
"SFSCTTCUOPORCOB","SFSCTIPROFEC","false","CODIGOPROCESADORA","1","A","3"
"SFSCTTCUOPORCOB","SFSCTIPROFEC","false","FECHAVENTA","2","A","3"
"SFSCTTCUOPORCOB","SFSCTRFKCUOPORCOBPKCODINSTAR","false","CODIGOPROCESADORA","1","A","3"
"SFSCTTCUOPORCOB","SFSCTRFKCUOTAPORCOBRARPKAREATRA","false","CODIGOCOMPANIA","1","A","3"
"SFSCTTCUOPORCOB","SFSCTRFKCUOTAPORCOBRARPKAREATRA","false","CODIGOLOCAL","2","A","3"
"SFSCTTCUOPORRECAP","SFSCTTCUOPORRECAP","true","CODIGOCUOPORCOB","1","A","3"
"SFSCTTCUOPORRECAP","SFSCTRFKCUOPORCOBRECAPPKCODINSTAR","false","CODIGOPROCESADORA","1","A","3"
"SFSCTTCUOPORRECAP","SFSCTRFKCUOPORCOBRECAPPKCODINSTAR","false","CODIGOPROCESADORA","1","A","3"
"SFSCTTCUOPORRECAP","SFSCTRFKCUOTAPORCOBRARRECAPPKAREATRA","false","CODIGOCOMPANIA","1","A","3"
"SFSCTTCUOPORRECAP","SFSCTRFKCUOTAPORCOBRARRECAPPKAREATRA","false","CODIGOCOMPANIA","1","A","3"
"SFSCTTCUOPORRECAP","SFSCTRFKCUOTAPORCOBRARRECAPPKAREATRA","false","CODIGOLOCAL","2","A","3"
"SFSCTTCUOPORRECAP","SFSCTRFKCUOTAPORCOBRARRECAPPKAREATRA","false","CODIGOLOCAL","2","A","3"
"SFSCTTCUOTA","SFSCTTCUOTA","true","CODIGOCUOTA","1","A","3"
"SFSCTTCUOTA","SFSCTICUOTA01","false","CODIGOVENTA","1","A","3"
"SFSCTTCUOTA","SFSCTICUOTA02","false","ESTADO","1","A","3"
"SFSCTTCUOTA","SFSCTICUOTA02","false","CODIGOCUOTA","2","A","3"
"SFSCTTCUOTA","SFSCTICUOTA04","false","ESTADO","1","A","3"
"SFSCTTCUOTA","SFSCTICUOTA04","false","ESTADOCUOTA","2","A","3"
"SFSCTTCUOTA","SFSCTICUOTA04","false","FECHAESTIMADACOBRO","3","A","3"
"SFSCTTCUOTA","SFSCTICUOTA05","false","ESTADO","1","A","3"
"SFSCTTCUOTA","SFSCTICUOTA05","false","CODIGOVENTA","2","A","3"
"SFSCTTCUOTA","SFSCTICUOTA05","false","FECHAESTIMADACOBRO","3","A","3"
"SFSCTTCUOTA","SFSCTRFKCUOPKVEN","false","CODIGOVENTA","1","A","3"
"SFSCTTCUOTA","SFSCTTCUOTAIDX01","false","FECHAESTIMADACOBRO","1","A","3"
"SFSCTTCUOTASERVICIO","SFSCTTCUOTASERVICIO","true","CODIGOCUOTASERVICIO","1","A","3"
"SFSCTTCUOTASERVICIO","SFSCTRFKCUOSERPKUSEM","false","USUARIOMODIFICACION","1","A","3"
"SFSCTTCUOTASERVICIO","SFSCTRFKCUOSERPKUSER","false","USUARIOREGISTRO","1","A","3"
"SFSCTTCUOTASERVICIO","SFSCTRFKCUOSERPKVENSER","false","CODIGOVENTASERVICIO","1","A","3"
"SFSCTTDETCONVENPAG","SFSCTTDETCONVENPAG","true","CODIGODETCONVENPAG","1","A","3"
"SFSCTTDETCONVENPAG","SFSCTRFKDETCONVENPAGPKCUOSER","false","CODIGOCUOTASERVICIO","1","A","3"
"SFSCTTDETCONVENPAG","SFSCTRFKDETCONVENPAGPKPAGSER","false","CODIGOPAGOSERVICIO","1","A","3"
"SFSCTTDETCONVENPAG","SFSCTRFKDETCONVENPAGPKUSEM","false","USUARIOMODIFICACION","1","A","3"
"SFSCTTDETCONVENPAG","SFSCTRFKDETCONVENPAGPKUSER","false","USUARIOREGISTRO","1","A","3"
"SFSCTTDETFRECOB","SFSCTTDETFRECOB","true","CODIGODETFRECOB","1","A","3"
"SFSCTTDETFRECOB","SFSCTRFKDETFRECOBPKFRECOB","false","CODIGOFRECOB","1","A","3"
"SFSCTTDETFRECOB","SFSCTRFKDETFRECOBPKUSEM","false","USUARIOMODIFICACION","1","A","3"
"SFSCTTDETFRECOB","SFSCTRFKDETFRECOBPKUSER","false","USUARIOREGISTRO","1","A","3"
"SFSCTTDETFRECOB","SSPCORFKDETFRECOBPKCATUAP","false","CODCATVALUNITIEAJUPAGO","1","A","3"
"SFSCTTDETFRECOB","SSPCORFKDETFRECOBPKCATUAP","false","CODCATTIPUNITIEAJUPAGO","2","A","3"
"SFSCTTDETFRECOB","SSPCORFKDETFRECOBPKCATUP","false","CODCATVALUNITIEPAGO","1","A","3"
"SFSCTTDETFRECOB","SSPCORFKDETFRECOBPKCATUP","false","CODCATTIPUNITIEPAGO","2","A","3"
"SFSCTTDETFRECOB","SSPCORFKDETFRECOBPKCATUTG","false","CODCATVALUNITIEGRACIA","1","A","3"
"SFSCTTDETFRECOB","SSPCORFKDETFRECOBPKCATUTG","false","CODCATTIPUNITIEGRACIA","2","A","3"
"SFSCTTDETFRECOB","SSPCORFKDETFRECOBPKCATUV","false","CODCATVALUNITIEVENTA","1","A","3"
"SFSCTTDETFRECOB","SSPCORFKDETFRECOBPKCATUV","false","CODCATTIPUNITIEVENTA","2","A","3"
"SFSCTTDETREC","SFSCTTDETREC","true","CODIGODETREC","1","A","3"
"SFSCTTDETREC","SFSCTRFKDERPKCOTESTAB","false","CODIGOCOMPANIA","1","A","3"
"SFSCTTDETREC","SFSCTRFKDERPKCOTESTAB","false","CODIGOESTABLECIMIENTO","2","A","3"
"SFSCTTDETREC","SFSCTRFKDERPKTIPCRED","false","CODIGOTIPOCREDITO","1","A","3"
"SFSCTTDETREC","SFSCTRFKDETRECPKINSTAR","false","CODIGOINSTITUCIONTARJETA","1","A","3"
"SFSCTTDETREC","SFSCTRFKDETRECPKREC","false","CODIGORECIBO","1","A","3"
"SFSCTTDETREC","SFSCTRFKDETRECPKUSEM","false","USUARIOMODIFICACION","1","A","3"
"SFSCTTDETREC","SFSCTRFKDETRECPKUSER","false","USUARIOREGISTRO","1","A","3"
"SFSCTTDOCASIG","SFSCTTDOCASIG","true","CODIGODOCASIG","1","A","3"
"SFSCTTDOCASIG","SFSCTRFKDOCASIGPKFAC","false","CODIGOFACTURA","1","A","3"
"SFSCTTDOCASIG","SFSCTRFKDOCASIGPKFAC","false","CODIGOCOMPANIA","2","A","3"
"SFSCTTDOCASIG","SFSCTRFKDOCASIGPKNOTCRE","false","CODIGOCOMPANIA","1","A","3"
"SFSCTTDOCASIG","SFSCTRFKDOCASIGPKNOTCRE","false","CODIGONOTACREDITO","2","A","3"
"SFSCTTDOCASIG","SFSCTRFKDOCASIGPKREC","false","CODIGORECIBO","1","A","3"
"SFSCTTDOCASIG","SFSCTRFKDOCASIGPKUSEC","false","USUARIOCREACION","1","A","3"
"SFSCTTDOCASIG","SFSCTRFKDOCASIGPKUSEM","false","USUARIOMODIFICACION","1","A","3"
"SFSCTTDOCASIG","SFSCTRFKDOCASIGPKUSER","false","USUARIOREGISTRO","1","A","3"
"SFSCTTDOCUMENTO","SFSCTTDOCUMENTO","true","CODIGODOCUMENTO","1","A","3"
"SFSCTTDOCUMENTO","SFSCTRFKDOCPKUSEM","false","USUARIOMODIFICACION","1","A","3"
"SFSCTTDOCUMENTO","SFSCTRFKDOCPKUSER","false","USUARIOREGISTRO","1","A","3"
"SFSCTTESTCUENTA","SFSCTTESTCUENTA","true","CODIGOESTADOCUENTA","1","A","3"
"SFSCTTESTCUENTA","SFSCTRFKESTCUENTA","false","CODIGOCONPERIODO","1","A","3"
"SFSCTTESTCUENTA","SFSCTRFKESTCUEPKPERIODO","false","CODIGOCONPERIODO","1","A","3"
"SFSCTTETIQUETA","SFSCTTETIQUETA","true","CODIGOETIQUETA","1","A","3"
"SFSCTTETIQUETA","SFSCTRFKTIPETQCATVAL","false","ETIQUETAVALOR","1","A","3"
"SFSCTTETIQUETA","SFSCTRFKTIPETQCATVAL","false","ETIQUETATIPO","2","A","3"
"SFSCTTETIQUETA","SFSCTRFKTIPPAGCATVAL","false","PAGINAVALOR","1","A","3"
"SFSCTTETIQUETA","SFSCTRFKTIPPAGCATVAL","false","PAGINATIPO","2","A","3"
"SFSCTTFRECOB","SFSCTTFRECOB","true","CODIGOFRECOB","1","A","3"
"SFSCTTFRECOB","SFSCTRFKFRECOBMODPKUSE","false","USUARIOMODIFICACION","1","A","3"
"SFSCTTFRECOB","SFSCTRFKFRECOBREGPKUSE","false","USUARIOREGISTRO","1","A","3"
"SFSCTTLOCALDETALLE","SFSCTTLOCALDETALLE","true","CODIGODETALLE","1","A","3"
"SFSCTTLOCALDETALLE","SFSCITLOCALDETALLE01","false","CODIGOAREATRABAJO","1","A","3"
"SFSCTTLOCALDETALLE","SFSCITLOCALDETALLE03","false","CODIGOAREATRABAJO","1","A","3"
"SFSCTTLOCALDETALLE","SFSCTRFKLOCALDETMODPKUSE","false","USUARIOMODIFICACION","1","A","3"
"SFSCTTLOCALDETALLE","SFSCTRFKLOCALDETPKAREATRA","false","CODIGOCOMPANIA","1","A","3"
"SFSCTTLOCALDETALLE","SFSCTRFKLOCALDETPKAREATRA","false","CODIGOAREATRABAJO","2","A","3"
"SFSCTTLOCALDETALLE","SFSCTRFKLOCALDETREGPKUSE","false","USUARIOREGISTRO","1","A","3"
"SFSCTTLOCALDETALLE","SFSCTRFKPAGPKCATVALLOCALDET","false","CODCATVALESTADOLOCAL","1","A","3"
"SFSCTTLOCALDETALLE","SFSCTRFKPAGPKCATVALLOCALDET","false","CODCATTIPESTADOLOCAL","2","A","3"
"SFSCTTMAPDAT","SFSCTTMAPDAT","true","CODE_MAPDAT","1","A","3"
"SFSCTTMAPDAT","SFSCTRFKMAPDATPKCON","false","CODE_CONCILIATION","1","A","3"
"SFSCTTMAPDAT","SFSCTRFKPAYATTPKORIPAR","false","PAY_ATTRIBUTE","1","A","3"
"SFSCTTMAPDAT","SFSCTRFKSALATTPKORIPAR","false","SALE_ATTRIBUTE","1","A","3"
"SFSCTTNOTACREDITO","SFSCTTNOTACREDITO","true","CODIGOCOMPANIA","1","A","3"
"SFSCTTNOTACREDITO","SFSCTTNOTACREDITO","true","CODIGONOTACREDITO","2","A","3"
"SFSCTTNOTACREDITO","SFSCITNOTACREDITO01","false","ESTADO","1","A","3"
"SFSCTTNOTACREDITO","SFSCITNOTACREDITO01","false","FECHAPAGO","2","A","3"
"SFSCTTNOTACREDITO","SFSCITNOTACREDITO01","false","CODIGOPROCESADORA","3","A","3"
"SFSCTTNOTACREDITO","SFSCITNOTACREDITO02","false","ESTADO","1","A","3"
"SFSCTTNOTACREDITO","SFSCITNOTACREDITO02","false","CODIGONOTACREDITO","2","A","3"
"SFSCTTNOTACREDITO","SFSCTINOTACREDITOCODNOT","false","CODIGONOTACREDITO","1","A","3"
"SFSCTTNOTACREDITO","SFSCTRFKNOTCREMODPKUSE","false","USUARIOMODIFICACION","1","A","3"
"SFSCTTNOTACREDITO","SFSCTRFKNOTCREREGPKUSE","false","USUARIOREGISTRO","1","A","3"
"SFSCTTORIPARMAP","SFSCTTORIPARMAP","true","CODE_ORIPARMAP","1","A","3"
"SFSCTTORIPARMAP","SFSCTRFKORITYPKCAT","false","ORIGEN_VALUE","1","A","3"
"SFSCTTORIPARMAP","SFSCTRFKORITYPKCAT","false","ORIGEN_TYPE","2","A","3"
"SFSCTTPAGO","SFSCTTPAGO","true","CODIGOPAGO","1","A","3"
"SFSCTTPAGO","SFSCITPAGO01","false","ESTADO","1","A","3"
"SFSCTTPAGO","SFSCITPAGO01","false","CODIGOLOCAL","2","A","3"
"SFSCTTPAGO","SFSCITPAGO01","false","ESTADOPAGO","3","A","3"
"SFSCTTPAGO","SFSCITPAGO01","false","FECHAPAGO","4","A","3"
"SFSCTTPAGO","SFSCITPAGO02","false","ESTADO","1","A","3"
"SFSCTTPAGO","SFSCITPAGO02","false","CODIGOLOCAL","2","A","3"
"SFSCTTPAGO","SFSCITPAGO02","false","CODIGOPAGO","3","A","3"
"SFSCTTPAGO","SFSCITPAGO02","false","FECHAPAGO","4","A","3"
"SFSCTTPAGO","SFSCITPAGO03","false","ESTADO","1","A","3"
"SFSCTTPAGO","SFSCITPAGO03","false","CODIGOLOCAL","2","A","3"
"SFSCTTPAGO","SFSCITPAGO03","false","ESTADOPAGO","3","A","3"
"SFSCTTPAGO","SFSCITPAGO03","false","FECHAPAGO","4","A","3"
"SFSCTTPAGO","SFSCITPAGO04","false","ESTADO","1","A","3"
"SFSCTTPAGO","SFSCITPAGO04","false","ESTADOPAGO","2","A","3"
"SFSCTTPAGO","SFSCITPAGO04","false","CODIGOPAGO","3","A","3"
"SFSCTTPAGO","SFSCITPAGO06","false","ESTADO","1","A","3"
"SFSCTTPAGO","SFSCITPAGO06","false","ESTADOPAGO","2","A","3"
"SFSCTTPAGO","SFSCITPAGO06","false","FECHAPAGO","3","A","3"
"SFSCTTPAGO","SFSCITPAGO09","false","ESTADO","1","A","3"
"SFSCTTPAGO","SFSCITPAGO09","false","ESTADOPAGO","2","A","3"
"SFSCTTPAGO","SFSCITPAGO09","false","FECHAVALE","3","A","3"
"SFSCTTPAGO","SFSCITPAGO10","false","ESTADO","1","A","3"
"SFSCTTPAGO","SFSCITPAGO10","false","CODIGOPAGO","2","A","3"
"SFSCTTPAGO","SFSCITPAGO11","false","ESTADO","1","A","3"
"SFSCTTPAGO","SFSCITPAGO11","false","USUARIOREGISTRO","2","A","3"
"SFSCTTPAGO","SFSCITPAGO11","false","FECHAPAGO","3","A","3"
"SFSCTTPAGO","SFSCITPAGO12","false","ESTADO","1","A","3"
"SFSCTTPAGO","SFSCITPAGO12","false","CODIGOTIPOCREDITO","2","A","3"
"SFSCTTPAGO","SFSCITPAGO12","false","ESTADOPAGO","3","A","3"
"SFSCTTPAGO","SFSCITPAGO12","false","FECHAPAGO","4","A","3"
"SFSCTTPAGO","SFSCITPAGO15","false","ESTADO","1","A","3"
"SFSCTTPAGO","SFSCITPAGO15","false","CODIGOLOCAL","2","A","3"
"SFSCTTPAGO","SFSCITPAGO15","false","CODIGOCARGA","3","A","3"
"SFSCTTPAGO","SFSCITPAGO16","false","ESTADO","1","A","3"
"SFSCTTPAGO","SFSCITPAGO16","false","ESTADOPAGO","2","A","3"
"SFSCTTPAGO","SFSCITPAGO16","false","CODIGOCARGA","3","A","3"
"SFSCTTPAGO","SFSCITPAGO17","false","ESTADO","1","A","3"
"SFSCTTPAGO","SFSCITPAGO17","false","CODIGOTIPOCREDITO","2","A","3"
"SFSCTTPAGO","SFSCITPAGO17","false","CODIGOPAGO","3","A","3"
"SFSCTTPAGO","SFSCITPAGO19","false","CODIGOPROCESADORA","1","A","3"
"SFSCTTPAGO","SFSCITPAGO19","false","ESTADOPAGO","2","A","3"
"SFSCTTPAGO","SFSCITPAGO19","false","FECHAVALE","3","A","3"
"SFSCTTPAGO","SFSCITPAGO20","false","ESTADO","1","A","3"
"SFSCTTPAGO","SFSCITPAGO20","false","CODIGOPROCESADORA","2","A","3"
"SFSCTTPAGO","SFSCITPAGO20","false","CODIGOPAGO","3","A","3"
"SFSCTTPAGO","SFSCITPAGO29","false","ESTADO","1","A","3"
"SFSCTTPAGO","SFSCITPAGO29","false","CODIGOPROCESADORA","2","A","3"
"SFSCTTPAGO","SFSCITPAGO29","false","USUARIOREGISTRO","3","A","3"
"SFSCTTPAGO","SFSCITPAGO29","false","FECHAPAGO","4","A","3"
"SFSCTTPAGO","SFSCITPAGO30","false","ESTADO","1","A","3"
"SFSCTTPAGO","SFSCITPAGO30","false","CODIGOPROCESADORA","2","A","3"
"SFSCTTPAGO","SFSCITPAGO30","false","ESTADOPAGO","3","A","3"
"SFSCTTPAGO","SFSCITPAGO30","false","FECHAPAGO","4","A","3"
"SFSCTTPAGO","SFSCTICARGA","false","CODIGOCARGA","1","A","3"
"SFSCTTPAGO","SFSCTICARGA","false","ESTADO","2","A","3"
"SFSCTTPAGO","SFSCTIESTADO","false","ESTADOPAGO","1","A","3"
"SFSCTTPAGO","SFSCTIESTADO","false","FECHAPAGO","2","A","3"
"SFSCTTPAGO","SFSCTIESTADO","false","ESTADO","3","A","3"
"SFSCTTPAGO","SFSCTIFECPAG","false","FECHAPAGO","1","A","3"
"SFSCTTPAGO","SFSCTIFECPAG","false","ESTADO","2","A","3"
"SFSCTTPAGO","SFSCTIINSTAR","false","FECHAPAGO","1","A","3"
"SFSCTTPAGO","SFSCTIINSTAR","false","CODIGOPROCESADORA","2","A","3"
"SFSCTTPAGO","SFSCTIINSTAR","false","ESTADO","3","A","3"
"SFSCTTPAGO","SFSCTIRECAP","false","NUMERORECAP","1","A","3"
"SFSCTTPAGO","SFSCTIRECAP","false","ESTADO","2","A","3"
"SFSCTTPAGO","SFSCTIVALE","false","NUMEROVALE","1","A","3"
"SFSCTTPAGO","SFSCTIVALE","false","ESTADO","2","A","3"
"SFSCTTPAGO","SFSCTIVALREC","false","NUMEROVALE","1","A","3"
"SFSCTTPAGO","SFSCTIVALREC","false","NUMERORECAP","2","A","3"
"SFSCTTPAGO","SFSCTIVALREC","false","ESTADO","3","A","3"
"SFSCTTPAGO","SFSCTRFKPAGOPKTIPCRE","false","CODIGOTIPOCREDITO","1","A","3"
"SFSCTTPAGO","SFSCTRFKPAGPKCAR","false","CODIGOCARGA","1","A","3"
"SFSCTTPAGO","SFSCTTPAGOIDX01","false","FECHAPAGO","1","A","3"
"SFSCTTPAGO","SFSCTTPAGOIDX03","false","NUMERORECAP","1","A","3"
"SFSCTTPAGO","SFSCTTPAGOIDX04","false","BIN","1","A","3"
"SFSCTTPAGO","SFSCTTPAGOIDX05","false","ESTADOPAGO","1","A","3"
"SFSCTTPAGOSERVICIO","SFSCTTPAGOSERVICIO","true","CODIGOPAGOSERVICIO","1","A","3"
"SFSCTTPAGOSERVICIO","SFSCTRFKPAGSERPKCAR","false","CODIGOCARGA","1","A","3"
"SFSCTTPAGOSERVICIO","SFSCTRFKPAGSERPKLOC","false","CODIGOCOMPANIA","1","A","3"
"SFSCTTPAGOSERVICIO","SFSCTRFKPAGSERPKLOC","false","CODIGOLOCAL","2","A","3"
"SFSCTTPAGOSERVICIO","SFSCTRFKPAGSERPKPRO","false","CODIGOPRODUCTO","1","A","3"
"SFSCTTPAGOSERVICIO","SFSCTRFKPAGSERPKUSEM","false","USUARIOMODIFICACION","1","A","3"
"SFSCTTPAGOSERVICIO","SFSCTRFKPAGSERPKUSER","false","USUARIOREGISTRO","1","A","3"
"SFSCTTPARAMETRO","SFSCTTPARAMETRO","true","CODIGOPARAMETRO","1","A","3"
"SFSCTTPRODUCTO","SFSCTTPRODUCTO","true","CODIGOPRODUCTO","1","A","3"
"SFSCTTPRODUCTO","SFSCTRFKPROPKOPE","false","CODIGOOPERADORA","1","A","3"
"SFSCTTPRODUCTO","SFSCTRFKPROPKUSEM","false","USUARIOMODIFICACION","1","A","3"
"SFSCTTPRODUCTO","SFSCTRFKPROPKUSER","false","USUARIOREGISTRO","1","A","3"
"SFSCTTPRODUCTO","SSPCORFKPROPKCATVALSER","false","CODIGOVALORSERVICIO","1","A","3"
"SFSCTTPRODUCTO","SSPCORFKPROPKCATVALSER","false","CODIGOTIPOSERVICIO","2","A","3"
"SFSCTTRECIBO","SFSCTTRECIBO","true","CODIGORECIBO","1","A","3"
"SFSCTTRECIBO","SFSCTRFKRECPKCATVALESTREC","false","ESTADORECIBOVALOR","1","A","3"
"SFSCTTRECIBO","SFSCTRFKRECPKCATVALESTREC","false","ESTADORECIBOTIPO","2","A","3"
"SFSCTTRECIBO","SFSCTRFKRECPKINSTAR","false","GRUPO","1","A","3"
"SFSCTTRECIBO","SFSCTRFKRECPKUSEM","false","USUARIOMODIFICACION","1","A","3"
"SFSCTTRECIBO","SFSCTRFKRECPKUSER","false","USUARIOREGISTRO","1","A","3"
"SFSCTTREGARC","SFSCTTREGARC","true","CODIGOREGARC","1","A","3"
"SFSCTTREGARC","SFSCITREGARC","false","ESTADOREGISTRO","1","A","3"
"SFSCTTREGARC","SFSCITREGARC","false","CODIGOCARGA","2","A","3"
"SFSCTTREGARC","SFSCTRFKREGARCPKCAR","false","CODIGOCARGA","1","A","3"
"SFSCTTREGARC","SFSCTRFKREGARCPKUSEM","false","USUARIOMODIFICACION","1","A","3"
"SFSCTTREGARC","SFSCTRFKREGARCPKUSER","false","USUARIOREGISTRO","1","A","3"
"SFSCTTREGCOM","SFSCTTREGCOM","true","CODIGOREGCOM","1","A","3"
"SFSCTTREGCOM","SFSCTRFKREGCOMPKCATVALSERVICIO","false","CODCATVALSERVICIO","1","A","3"
"SFSCTTREGCOM","SFSCTRFKREGCOMPKCATVALSERVICIO","false","CODCATTIPSERVICIO","2","A","3"
"SFSCTTREGCOM","SFSCTRFKREGCOMPKCATVALUNITIE","false","CODCATVALUNITIE","1","A","3"
"SFSCTTREGCOM","SFSCTRFKREGCOMPKCATVALUNITIE","false","CODCATTIPUNITIE","2","A","3"
"SFSCTTREGCOM","SFSCTRFKREGCOMPKINSTAR","false","CODIGOOPERADORA","1","A","3"
"SFSCTTREGCOM","SFSCTRFKREGCOMPKPROSER","false","CODIGOPROSER","1","A","3"
"SFSCTTREGCOM","SFSCTRFKREGCOMPKUSEM","false","USUARIOMODIFICACION","1","A","3"
"SFSCTTREGCOM","SFSCTRFKREGCOMPKUSER","false","USUARIOREGISTRO","1","A","3"
"SFSCTTRELCARFAC","SFSCTTRELCARFAC","true","CODIGORELCARFAC","1","A","3"
"SFSCTTRELCARFAC","SFSCTRFKRELCARFACPKCAR","false","CODIGOCARGA","1","A","3"
"SFSCTTRELCARFAC","SFSCTRFKRELCARFACPKFAC","false","CODIGOFACTURA","1","A","3"
"SFSCTTRELCARFAC","SFSCTRFKRELCARFACPKFAC","false","CODIGOCOMPANIA","2","A","3"
"SFSCTTRELCARFAC","SFSCTRFKRELCARFACPKUSEM","false","USUARIOMODIFICACION","1","A","3"
"SFSCTTRELCARFAC","SFSCTRFKRELCARFACPKUSER","false","USUARIOREGISTRO","1","A","3"
"SFSCTTRELCARNOTCRE","SFSCTTRELCARNOTCRE","true","CODIGOCOMPANIA","1","A","3"
"SFSCTTRELCARNOTCRE","SFSCTTRELCARNOTCRE","true","CODIGORELCARNOTACRE","2","A","3"
"SFSCTTRELCARNOTCRE","SFSCITCARGA04","false","ESTADO","1","A","3"
"SFSCTTRELCARNOTCRE","SFSCITCARGA04","false","CODIGOCARGA","2","A","3"
"SFSCTTRELCARNOTCRE","SFSCTRFKRELCARNOTCREMODPKUSE","false","USUARIOMODIFICACION","1","A","3"
"SFSCTTRELCARNOTCRE","SFSCTRFKRELCARNOTCREPKCAR","false","CODIGOCARGA","1","A","3"
"SFSCTTRELCARNOTCRE","SFSCTRFKRELCARNOTCREPKNOTCRE","false","CODIGOCOMPANIA","1","A","3"
"SFSCTTRELCARNOTCRE","SFSCTRFKRELCARNOTCREPKNOTCRE","false","CODIGONOTACREDITO","2","A","3"
"SFSCTTRELCARNOTCRE","SFSCTRFKRELCARNOTCREREGPKUSE","false","USUARIOREGISTRO","1","A","3"
"SFSCTTRELPAGNOTCRE","SFSCTTRELPAGNOTCRE","true","CODIGOCOMPANIA","1","A","3"
"SFSCTTRELPAGNOTCRE","SFSCTTRELPAGNOTCRE","true","CODIGORELPAGNOTACRE","2","A","3"
"SFSCTTRELPAGNOTCRE","SFSCTIRELPAGNOTCRE02","false","ESTADO","1","A","3"
"SFSCTTRELPAGNOTCRE","SFSCTIRELPAGNOTCRE02","false","CODIGOPAGO","2","A","3"
"SFSCTTRELPAGNOTCRE","SFSCTIRELPAGNOTCRE03","false","ESTADO","1","A","3"
"SFSCTTRELPAGNOTCRE","SFSCTIRELPAGNOTCRE03","false","CODIGOPAGO","2","A","3"
"SFSCTTRELPAGNOTCRE","SFSCTRFKRELPAGNOTCREPKNOTCRE","false","CODIGOCOMPANIA","1","A","3"
"SFSCTTRELPAGNOTCRE","SFSCTRFKRELPAGNOTCREPKNOTCRE","false","CODIGONOTACREDITO","2","A","3"
"SFSCTTRELPAGNOTCRE","SFSCTRFKRELPAGNOTCREPKPAG","false","CODIGOPAGO","1","A","3"
"SFSCTTTIPCRE","SFSCTTTIPCRE","true","CODIGOTIPCRE","1","A","3"
"SFSCTTTIPCRE","SFSCTRFKTIPCREMODPKUSE","false","USUARIOMODIFICACION","1","A","3"
"SFSCTTTIPCRE","SFSCTRFKTIPCREREGPKUSE","false","USUARIOREGISTRO","1","A","3"
"SFSCTTTIPCRECOB","SFSCTTTIPCRECOB","true","CODIGOTIPCRECOB","1","A","3"
"SFSCTTTIPCRECOB","SFSCTRFKTIPCRECOBPKFOR","false","CODIGOCOMPANIA","1","A","3"
"SFSCTTTIPCRECOB","SFSCTRFKTIPCRECOBPKFOR","false","CODIGOFORMATO","2","A","3"
"SFSCTTTIPCRECOB","SFSCTRFKTIPCRECOBPKFRECOB","false","CODIGOFRECOB","1","A","3"
"SFSCTTTIPCRECOB","SFSCTRFKTIPCRECOBPKLOC","false","CODIGOCOMPANIA","1","A","3"
"SFSCTTTIPCRECOB","SFSCTRFKTIPCRECOBPKLOC","false","CODIGOLOCAL","2","A","3"
"SFSCTTTIPCRECOB","SFSCTRFKTIPCRECOBPKPRO","false","CODIGOPROCESADORA","1","A","3"
"SFSCTTTIPCRECOB","SFSCTRFKTIPCRECOBPKTIPCRECOBPAD","false","CODIGOTIPCRECOBPADRE","1","A","3"
"SFSCTTTIPCRECOB","SFSCTRFKTIPCRECOBPKTIPCREVEN","false","CODIGOTIPOCREDITO","1","A","3"
"SFSCTTTIPCRECOB","SFSCTRFKTIPCRECOBPKUSEM","false","USUARIOMODIFICACION","1","A","3"
"SFSCTTTIPCRECOB","SFSCTRFKTIPCRECOBPKUSER","false","USUARIOREGISTRO","1","A","3"
"SFSCTTTIPCRECOB","SSPCORFKTIPCRECOBPKCATPLAPAG","false","CODCATVALPLAZOPAGO","1","A","3"
"SFSCTTTIPCRECOB","SSPCORFKTIPCRECOBPKCATPLAPAG","false","CODCATTIPPLAZOPAGO","2","A","3"
"SFSCTTTIPCRECOB","SSPCORFKTIPCRECOBPKCATPLAVEN","false","CODCATVALPLAZOVENTA","1","A","3"
"SFSCTTTIPCRECOB","SSPCORFKTIPCRECOBPKCATPLAVEN","false","CODCATTIPPLAZOVENTA","2","A","3"
"SFSCTTTIPCRECOB","SSPCORFKTIPCRECOBPKCATUNITIEGRA","false","CODCATVALUNITIEGRACIA","1","A","3"
"SFSCTTTIPCRECOB","SSPCORFKTIPCRECOBPKCATUNITIEGRA","false","CODCATTIPUNITIEGRACIA","2","A","3"
"SFSCTTTIPCRECOB","SSPCORFKTIPCRECOBPKCATVALDESCOMRET","false","CODCATVALDESCOMRET","1","A","3"
"SFSCTTTIPCRECOB","SSPCORFKTIPCRECOBPKCATVALDESCOMRET","false","CODCATTIPDESCOMRET","2","A","3"
"SFSCTTVALTIEMPO","SFSCTTVALTIEMPO","true","CODIGOVALTIEMPO","1","A","3"
"SFSCTTVALTIEMPO","SFSCTRFKVALTIEMPOMODPKUSE","false","USUARIOMODIFICACION","1","A","3"
"SFSCTTVALTIEMPO","SFSCTRFKVALTIEMPOREGPKUSE","false","USUARIOREGISTRO","1","A","3"
"SFSCTTVENTA","SFSCTTVENTA","true","CODIGOVENTA","1","A","3"
"SFSCTTVENTA","IX_SFSCTTVENTA_01","false","FECHAREGISTRO","1","A","3"
"SFSCTTVENTA","SFSCITVENTA_09","false","ESTADO","1","A","3"
"SFSCTTVENTA","SFSCITVENTA_09","false","ESTADOVENTA","2","A","3"
"SFSCTTVENTA","SFSCITVENTA_09","false","FECHATRANSACCIONVALE","3","A","3"
"SFSCTTVENTA","SFSCITVENTA01","false","ESTADO","1","A","3"
"SFSCTTVENTA","SFSCITVENTA01","false","CODIGOTIPOCREDITO","2","A","3"
"SFSCTTVENTA","SFSCITVENTA01","false","ESTADOVENTA","3","A","3"
"SFSCTTVENTA","SFSCITVENTA02","false","ESTADO","1","A","3"
"SFSCTTVENTA","SFSCITVENTA02","false","ESTADOVENTA","2","A","3"
"SFSCTTVENTA","SFSCITVENTA02","false","CODIGOPROCESADORA","3","A","3"
"SFSCTTVENTA","SFSCITVENTA02","false","FECHATRANSACCIONVALE","4","A","3"
"SFSCTTVENTA","SFSCITVENTA03","false","ESTADO","1","A","3"
"SFSCTTVENTA","SFSCITVENTA03","false","ESTADOVENTA","2","A","3"
"SFSCTTVENTA","SFSCITVENTA03","false","CODIGOPROCESADORA","3","A","3"
"SFSCTTVENTA","SFSCITVENTA03","false","CODIGOVENTA","4","A","3"
"SFSCTTVENTA","SFSCITVENTA03","false","FECHATRANSACCIONVALE","5","A","3"
"SFSCTTVENTA","SFSCITVENTA04","false","ESTADO","1","A","3"
"SFSCTTVENTA","SFSCITVENTA04","false","ESTADOVENTA","2","A","3"
"SFSCTTVENTA","SFSCITVENTA04","false","CODIGOPROCESADORA","3","A","3"
"SFSCTTVENTA","SFSCITVENTA04","false","FECHATRANSACCIONVALE","4","A","3"
"SFSCTTVENTA","SFSCITVENTA05","false","ESTADO","1","A","3"
"SFSCTTVENTA","SFSCITVENTA05","false","ESTADOVENTA","2","A","3"
"SFSCTTVENTA","SFSCITVENTA05","false","CODIGOPROCESADORA","3","A","3"
"SFSCTTVENTA","SFSCITVENTA05","false","CODIGOVENTA","4","A","3"
"SFSCTTVENTA","SFSCITVENTA05","false","FECHATRANSACCIONVALE","5","A","3"
"SFSCTTVENTA","SFSCITVENTA06","false","ESTADO","1","A","3"
"SFSCTTVENTA","SFSCITVENTA06","false","CODIGOTIPOCREDITO","2","A","3"
"SFSCTTVENTA","SFSCITVENTA06","false","ESTADOVENTA","3","A","3"
"SFSCTTVENTA","SFSCITVENTA07","false","ESTADO","1","A","3"
"SFSCTTVENTA","SFSCITVENTA07","false","NUMEROTARJETA","2","A","3"
"SFSCTTVENTA","SFSCITVENTA07","false","NUMERORECAP","3","A","3"
"SFSCTTVENTA","SFSCITVENTA07","false","NUMEROVALE","4","A","3"
"SFSCTTVENTA","SFSCITVENTA07","false","CODIGOTIPCRECOB","5","A","3"
"SFSCTTVENTA","SFSCITVENTA08","false","ESTADO","1","A","3"
"SFSCTTVENTA","SFSCITVENTA08","false","CODIGOVENTA","2","A","3"
"SFSCTTVENTA","SFSCITVENTA08","false","ESTADOVENTA","3","A","3"
"SFSCTTVENTA","SFSCITVENTA10","false","ESTADO","1","A","3"
"SFSCTTVENTA","SFSCITVENTA10","false","CODIGOVENTA","2","A","3"
"SFSCTTVENTA","SFSCITVENTA10","false","FECHATRANSACCIONVALE","3","A","3"
"SFSCTTVENTA","SFSCITVENTA15","false","ESTADO","1","A","3"
"SFSCTTVENTA","SFSCITVENTA15","false","CODIGOLOCAL","2","A","3"
"SFSCTTVENTA","SFSCITVENTA15","false","ESTADOVENTA","3","A","3"
"SFSCTTVENTA","SFSCITVENTA15","false","FECHATRANSACCIONVALE","4","A","3"
"SFSCTTVENTA","SFSCITVENTA20","false","ESTADO","1","A","3"
"SFSCTTVENTA","SFSCITVENTA20","false","ESTADOTRANSMISION","2","A","3"
"SFSCTTVENTA","SFSCITVENTA20","false","CODIGOPROCESADORA","3","A","3"
"SFSCTTVENTA","SFSCITVENTA20","false","CODIGOLOCAL","4","A","3"
"SFSCTTVENTA","SFSCITVENTA20","false","CODIGOTIPOCREDITO","5","A","3"
"SFSCTTVENTA","SFSCITVENTA20","false","FECHATRANSACCIONVALE","6","A","3"
"SFSCTTVENTA","SFSCITVENTA30","false","CODIGOLOCAL","1","A","3"
"SFSCTTVENTA","SFSCITVENTA30","false","FECHATRANSACCIONVALE","2","A","3"
"SFSCTTVENTA","SFSCITVENTA31","false","CODIGOPROCESADORA","1","A","3"
"SFSCTTVENTA","SFSCITVENTA31","false","FECHATRANSACCIONVALE","2","A","3"
"SFSCTTVENTA","SFSCITVENTA32","false","ESTADO","1","A","3"
"SFSCTTVENTA","SFSCITVENTA32","false","CODIGOCOMPANIA","2","A","3"
"SFSCTTVENTA","SFSCITVENTA32","false","CODIGOLOCAL","3","A","3"
"SFSCTTVENTA","SFSCITVENTA32","false","FECHATRANSACCIONVALE","4","A","3"
"SFSCTTVENTA","SFSCITVENTA33","false","CODIGOCOMPANIA","1","A","3"
"SFSCTTVENTA","SFSCITVENTA33","false","CODIGOLOCAL","2","A","3"
"SFSCTTVENTA","SFSCITVENTA33","false","FECHATRANSACCIONVALE","3","A","3"
"SFSCTTVENTA","SFSCITVENTA34","false","ESTADO","1","A","3"
"SFSCTTVENTA","SFSCITVENTA34","false","CODIGOPROCESADORA","2","A","3"
"SFSCTTVENTA","SFSCITVENTA34","false","ESTADOVENTA","3","A","3"
"SFSCTTVENTA","SFSCITVENTA35","false","ESTADO","1","A","3"
"SFSCTTVENTA","SFSCITVENTA35","false","FECHATRANSACCIONVALE","2","A","3"
"SFSCTTVENTA","SFSCITVENTA35","false","ESTADOVENTA","3","A","3"
"SFSCTTVENTA","SFSCTIESTVEN","false","FECHATRANSACCIONVALE","1","A","3"
"SFSCTTVENTA","SFSCTIESTVEN","false","ESTADOVENTA","2","A","3"
"SFSCTTVENTA","SFSCTIESTVEN","false","ESTADO","3","A","3"
"SFSCTTVENTA","SFSCTIFECLOC","false","FECHATRANSACCIONVALE","1","A","3"
"SFSCTTVENTA","SFSCTIFECLOC","false","CODIGOLOCAL","2","A","3"
"SFSCTTVENTA","SFSCTIFECLOC","false","ESTADO","3","A","3"
"SFSCTTVENTA","SFSCTIFECPRO","false","FECHATRANSACCIONVALE","1","A","3"
"SFSCTTVENTA","SFSCTIFECPRO","false","CODIGOPROCESADORA","2","A","3"
"SFSCTTVENTA","SFSCTIFECPRO","false","ESTADO","3","A","3"
"SFSCTTVENTA","SFSCTIFECRECVAL","false","FECHATRANSACCIONVALE","1","A","3"
"SFSCTTVENTA","SFSCTIFECRECVAL","false","NUMERORECAP","2","A","3"
"SFSCTTVENTA","SFSCTIFECRECVAL","false","NUMEROVALE","3","A","3"
"SFSCTTVENTA","SFSCTIFECRECVAL","false","ESTADO","4","A","3"
"SFSCTTVENTA","SFSCTIFECVENT","false","FECHATRANSACCIONVALE","1","A","3"
"SFSCTTVENTA","SFSCTIFECVENT","false","ESTADO","2","A","3"
"SFSCTTVENTA","SFSCTINUMREC","false","NUMERORECAP","1","A","3"
"SFSCTTVENTA","SFSCTINUMREC","false","ESTADO","2","A","3"
"SFSCTTVENTA","SFSCTINUMVAL","false","NUMEROVALE","1","A","3"
"SFSCTTVENTA","SFSCTINUMVAL","false","ESTADO","2","A","3"
"SFSCTTVENTA","SFSCTIVENTA001","false","ESTADO","1","A","3"
"SFSCTTVENTA","SFSCTIVENTA001","false","FECHATRANSACCIONCABECERA","2","A","3"
"SFSCTTVENTA","SFSCTIVENTA01","false","ESTADO","1","A","3"
"SFSCTTVENTA","SFSCTIVENTA01","false","CODIGOPROCESADORA","2","A","3"
"SFSCTTVENTA","SFSCTIVENTA01","false","CODIGOTIPOCREDITO","3","A","3"
"SFSCTTVENTA","SFSCTIVENTA01","false","ESTADOVENTA","4","A","3"
"SFSCTTVENTA","SFSCTIVENTA01","false","FECHATRANSACCIONVALE","5","A","3"
"SFSCTTVENTA","SFSCTIVENTA02","false","ESTADO","1","A","3"
"SFSCTTVENTA","SFSCTIVENTA02","false","CODIGOPROCESADORA","2","A","3"
"SFSCTTVENTA","SFSCTIVENTA02","false","CODIGOTIPOCREDITO","3","A","3"
"SFSCTTVENTA","SFSCTIVENTA02","false","FECHATRANSACCIONVALE","4","A","3"
"SFSCTTVENTA","SFSCTIVENTA03","false","ESTADO","1","A","3"
"SFSCTTVENTA","SFSCTIVENTA03","false","CODIGOPROCESADORA","2","A","3"
"SFSCTTVENTA","SFSCTIVENTA03","false","CODIGOVENTA","3","A","3"
"SFSCTTVENTA","SFSCTIVENTA03","false","FECHATRANSACCIONVALE","4","A","3"
"SFSCTTVENTA","SFSCTIVENTA04","false","ESTADO","1","A","3"
"SFSCTTVENTA","SFSCTIVENTA04","false","AUTORIZACION","2","A","3"
"SFSCTTVENTA","SFSCTIVENTA04","false","CODIGOLOCAL","3","A","3"
"SFSCTTVENTA","SFSCTIVENTA04","false","FECHATRANSACCIONVALE","4","A","3"
"SFSCTTVENTA","SFSCTIVENTA05","false","ESTADO","1","A","3"
"SFSCTTVENTA","SFSCTIVENTA05","false","CODIGOLOCAL","2","A","3"
"SFSCTTVENTA","SFSCTIVENTA05","false","ESTADOVENTA","3","A","3"
"SFSCTTVENTA","SFSCTIVENTA10","false","ESTADO","1","A","3"
"SFSCTTVENTA","SFSCTIVENTA10","false","ESTADOVENTA","2","A","3"
"SFSCTTVENTA","SFSCTIVENTA10","false","CODIGOVENTA","3","A","3"
"SFSCTTVENTA","SFSCTIVENTA10","false","FECHATRANSACCIONVALE","4","A","3"
"SFSCTTVENTA","SFSCTIVENTA12","false","CODIGOPROCESADORA","1","A","3"
"SFSCTTVENTA","SFSCTRFKVENPKCAR","false","CODIGOCARGA","1","A","3"
"SFSCTTVENTA","SFSCTRFKVENTAPKTIPCRE","false","CODIGOTIPOCREDITO","1","A","3"
"SFSCTTVENTA","SFSCTRFKVENTAPKTIPCRECOB","false","CODIGOTIPCRECOB","1","A","3"
"SFSCTTVENTA","SFSCTTVENTA_IDX","false","TARJETAENMASCARADA","1","A","3"
"SFSCTTVENTA","SFSCTTVENTAIDX01","false","FECHATRANSACCIONVALE","1","A","3"
"SFSCTTVENTA","SFSCTTVENTAIDX02","false","NUMEROVALE","1","A","3"
"SFSCTTVENTA","SFSCTTVENTAIDX03","false","NUMERORECAP","1","A","3"
"SFSCTTVENTA","SFSCTTVENTAIDX04","false","BIN","1","A","3"
"SFSCTTVENTA","SFSCTTVENTAIDX05","false","ESTADOVENTA","1","A","3"
"SFSCTTVENTA","SFSCTTVENTAIDX07","false","TARJETAENMASCARADA","1","A","3"
"SFSCTTVENTA","SFSCTTVENTA01","false","ESTADO","1","A","3"
"SFSCTTVENTA","SFSCTTVENTA01","false","ESTADOTRANSMISION","2","A","3"
"SFSCTTVENTA","SFSCTTVENTA01","false","CODIGOPROCESADORA","3","A","3"
"SFSCTTVENTA","SFSCTTVENTA01","false","CODIGOLOCAL","4","A","3"
"SFSCTTVENTA","SFSCTTVENTA01","false","ESTADOVENTA","5","A","3"
"SFSCTTVENTA","SFSCTTVENTA01","false","FECHATRANSACCIONVALE","6","A","3"
"SFSCTTVENTA","SFSCTVENTA01","false","ESTADO","1","A","3"
"SFSCTTVENTA","SFSCTVENTA01","false","CODIGOTIPOCREDITO","2","A","3"
"SFSCTTVENTA","SFSCTVENTA01","false","CODIGOPROCESADORA","3","A","3"
"SFSCTTVENTA","SFSCTVENTA01","false","CODIGOVENTA","4","A","3"
"SFSCTTVENTA","SFSCTVENTA01","false","ESTADOVENTA","5","A","3"
"SFSCTTVENTAETIQUETA","SFSCTTVENTAETIQUETA","true","CODIGOVENTAETIQUETA","1","A","3"
"SFSCTTVENTAETIQUETA","SFSCTRFKETQVENETQ","false","CODIGOVENTA","1","A","3"
"SFSCTTVENTAETIQUETA","SFSCTRFKETQVENVEN","false","CODIGOETIQUETA","1","A","3"
"SFSCTTVENTASERVICIO","SFSCTTVENTASERVICIO","true","CODIGOVENTASERVICIO","1","A","3"
"SFSCTTVENTASERVICIO","SFSCITVENTASERVICIO02","false","ESTADO","1","A","3"
"SFSCTTVENTASERVICIO","SFSCITVENTASERVICIO02","false","CODIGOPRODUCTO","2","A","3"
"SFSCTTVENTASERVICIO","SFSCITVENTASERVICIO02","false","FECHAVENTA","3","A","3"
"SFSCTTVENTASERVICIO","SFSCTIVENTASERVICIOAUTIDEVALEST","false","AUTORIZACION","1","A","3"
"SFSCTTVENTASERVICIO","SFSCTIVENTASERVICIOAUTIDEVALEST","false","IDENTIFICADOR","2","A","3"
"SFSCTTVENTASERVICIO","SFSCTIVENTASERVICIOAUTIDEVALEST","false","VALOR","3","A","3"
"SFSCTTVENTASERVICIO","SFSCTIVENTASERVICIOAUTIDEVALEST","false","FECHAVENTA","4","A","3"
"SFSCTTVENTASERVICIO","SFSCTIVENTASERVICIOAUTIDEVALEST","false","ESTADO","5","A","3"
"SFSCTTVENTASERVICIO","SFSCTIVENTASERVICIOAUTIDEVALEST","false","ESTADOVENTA","6","A","3"
"SFSCTTVENTASERVICIO","SFSCTIVENTASERVICIO01","false","ESTADO","1","A","3"
"SFSCTTVENTASERVICIO","SFSCTIVENTASERVICIO01","false","FECHAVENTA","2","A","3"
"SFSCTTVENTASERVICIO","SFSCTIVENTASERVICIO02","false","CODIGOVENTA","1","A","3"
"SFSCTTVENTASERVICIO","SFSCTRFKVENSERPKCAR","false","CODIGOCARGA","1","A","3"
"SFSCTTVENTASERVICIO","SFSCTRFKVENSERPKLOC","false","CODIGOCOMPANIA","1","A","3"
"SFSCTTVENTASERVICIO","SFSCTRFKVENSERPKLOC","false","CODIGOLOCAL","2","A","3"
"SFSCTTVENTASERVICIO","SFSCTRFKVENSERPKPRO","false","CODIGOPRODUCTO","1","A","3"
"SFSCTTVENTASERVICIO","SFSCTRFKVENSERPKREGCOM","false","CODIGOREGLACOMISION","1","A","3"
"SFSCTTVENTASERVICIO","SFSCTRFKVENSERPKUSEM","false","USUARIOMODIFICACION","1","A","3"
"SFSCTTVENTASERVICIO","SFSCTRFKVENSERPKUSER","false","USUARIOREGISTRO","1","A","3"
